ecoslo_num,status,species_name,common_name,funder,date_planted,address,latitude,longitude,is_public,condition,notes
1,Graduated,Pistacia chinensis,Chinese Pistache,City of SLO,2019-10-19,1353 Pacific St.,35.282861,-120.654222,true,good,"Across street from Matt.  Tree is fine and well taken care of.

ReLeaf #: RL1
Stock size: 24"" box
Neighborhood: Mill
Census tract: 6079011101
Low income: Yes
Planting area: 3' x 10'
Distance to nearest building: 0-20 ft.
Tagged: No
Mulched Jan 2023: Yes
Immediate needs: Matt's got it"
2,Graduated,Ulmus parvifolia ‘Drake’,Chinese Elm,ReLeaf,2019-10-19,1266 Monterey St.,35.28447,-120.657461,true,good,"Adopted by Ray, previously Vern Ludwick

ReLeaf #: RL2
Stock size: 15 gallon
Neighborhood: Mill
Census tract: 6079011101
Low income: Yes
Planting area: 5' x 5'
Distance to nearest building: 0-20 ft.
Tagged: No
Mulched Jan 2023: Yes
Immediate needs: Offboarding"
3,Graduated,Ulmus parvifolia ‘Drake’,Chinese Elm,ReLeaf,2019-10-19,1248 Monterey St.,35.284083,-120.657667,true,good,"Friends of Jenn.  Own the building next to tree.

ReLeaf #: RL3
Stock size: 15 gallon
Neighborhood: Mill
Census tract: 6079011101
Low income: Yes
Planting area: 3.5' x 3.5'
Distance to nearest building: 0-20 ft.
Tagged: No
Mulched Jan 2023: Yes
Immediate needs: Offboarding- drop off"
4,Graduated,Ulmus parvifolia ‘Drake’,Chinese Elm,ReLeaf,2019-10-26,"862 Toro St. (tree's location), 
858 Toro St. (Rick's address)",35.285,-120.659806,true,good,"04/2020 - Jenn Yost's neighbors.  She is also keeping an eye on these trees!

ReLeaf #: RL4
Stock size: 15 gallon
Neighborhood: Mill
Census tract: 6079011101
Low income: Yes
Planting area: 4.75' x 20'
Distance to nearest building: 21-40 ft.
Tagged: No
Mulched Jan 2023: Yes"
5,Graduated,Ulmus parvifolia ‘Drake’,Chinese Elm,ReLeaf,2019-10-26,1168 Mill St.,35.285,-120.660194,true,good,"04/2020 - Jenn Yost's neighbors.  She is also keeping an eye on these trees! Jenn texts this contact weekly with a watering reminder

ReLeaf #: RL5
Stock size: 15 gallon
Neighborhood: Mill
Census tract: 6079011101
Low income: Yes
Planting area: 2.5' x 16'
Distance to nearest building: 21-40 ft.
Tagged: No
Mulched Jan 2023: Yes
Immediate needs: Offboarding- drop off"
6,Graduated,Ulmus parvifolia ‘Drake’,Chinese Elm,ReLeaf,2019-10-26,1162 Mill St.,35.284889,-120.660389,true,good,"04/2020 - Jenn Yost's neighbors.  She is also keeping an eye on these trees! Jenn texts this contact weekly with a watering reminder

ReLeaf #: RL6
Stock size: 15 gallon
Neighborhood: Mill
Census tract: 6079011101
Low income: Yes
Planting area: 2.5' x 16'
Distance to nearest building: 0-20 ft.
Tagged: No
Mulched Jan 2023: Yes
Immediate needs: Offboarding-drop off"
7,Graduated,Ulmus parvifolia ‘Drake’,Chinese Elm,ReLeaf,2019-10-26,1305 Palm St.,35.285306,-120.657806,true,good,"04/2020 - Jenn Yost's neighbors.  She is also keeping an eye on these trees!

ReLeaf #: RL7
Stock size: 15 gallon
Neighborhood: Mill
Census tract: 6079011101
Low income: Yes
Planting area: 4.5' x 40'
Distance to nearest building: 0-20 ft.
Tagged: No
Mulched Jan 2023: Yes
Immediate needs: Offboarding- drop off"
8,Graduated,Ulmus parvifolia ‘Drake’,Chinese Elm,ReLeaf,2019-10-26,1390 Palm St.,35.285898,-120.656705,true,good,"Trees in this location has history of dying

ReLeaf #: RL8
Stock size: 15 gallon
Neighborhood: Mill
Census tract: 6079011101
Low income: Yes
Planting area: 5' x 47'
Distance to nearest building: 21-40 ft.
Tagged: No
Mulched Jan 2023: Yes"
9,Graduated,Ulmus parvifolia ‘Drake’,Chinese Elm,ReLeaf,2019-10-26,1390 Palm St.,35.28591,-120.656764,true,good,"Trees in this location has history of dying

ReLeaf #: RL9
Stock size: 15 gallon
Neighborhood: Mill
Census tract: 6079011101
Low income: Yes
Planting area: 5' x 47'
Distance to nearest building: 21-40 ft.
Tagged: No
Mulched Jan 2023: Yes"
10,Graduated,Ulmus parvifolia ‘Drake’,Chinese Elm,ReLeaf,2019-10-26,1390 Palm St.,35.28591,-120.656764,true,good,"Trees in this location has history of dying

ReLeaf #: RL10
Stock size: 15 gallon
Neighborhood: Mill
Census tract: 6079011101
Low income: Yes
Planting area: 5' x 46.5'
Distance to nearest building: 21-40 ft.
Tagged: No
Mulched Jan 2023: Yes"
11,Graduated,Ulmus parvifolia ‘Drake’,Chinese Elm,ReLeaf,2019-10-26,1390 Palm St.,35.285828,-120.6569,true,good,"Trees in this location has history of dying

ReLeaf #: RL11
Stock size: 15 gallon
Neighborhood: Mill
Census tract: 6079011101
Low income: Yes
Planting area: 5' x 46.5'
Distance to nearest building: 41-60 ft.
Tagged: No
Mulched Jan 2023: Yes"
12,Graduated,Ulmus parvifolia ‘Drake’,Chinese Elm,ReLeaf,2019-10-26,1390 Palm St.,35.285828,-120.6569,true,good,"Trees in this location has history of dying

ReLeaf #: RL12
Stock size: 15 gallon
Neighborhood: Mill
Census tract: 6079011101
Low income: Yes
Planting area: 5' x 46.5'
Distance to nearest building: 21-40 ft.
Tagged: No
Mulched Jan 2023: Yes"
13,Graduated,Ulmus parvifolia ‘Drake’,Chinese Elm,ReLeaf,2019-10-26,1314 Palm St.,35.285287,-120.65784,true,good,"Jenn is keeping an eye on these. Dena Paolilli lives here and is watering. Will Powers and Maddie Valladao are also adopting them. Will has adopted trees 8 & 9 and Maddie, with the help of her roommates, has adopted 10, 11, & 12

ReLeaf #: RL13
Stock size: 15 gallon
Neighborhood: Mill
Census tract: 6079011101
Low income: Yes
Planting area: 4' x 4'
Distance to nearest building: 41-60 ft.
Tagged: No
Mulched Jan 2023: Yes"
14,Graduated,Ulmus parvifolia ‘Drake’,Chinese Elm,ReLeaf,2019-10-26,966 Johnson Ave.,35.284664,-120.657434,true,good,"Adopted by Ray, previously Vern Ludwick

ReLeaf #: RL14
Stock size: 15 gallon
Neighborhood: Mill
Census tract: 6079011101
Low income: Yes
Planting area: 4.5' x 6.5'
Distance to nearest building: 41-60 ft.
Tagged: No
Mulched Jan 2023: Yes"
15,Graduated,Ulmus parvifolia ‘Drake’,Chinese Elm,ReLeaf,2019-11-16,1702 Morro St.,35.276167,-120.657111,true,good,"The Establishment tree.

ReLeaf #: RL15
Stock size: 15 gallon
Neighborhood: Railroad
Census tract: 6079011102
Low income: No
Planting area: 22.5' x 4.6'
Distance to nearest building: 21-40 ft.
Tagged: No
Mulched Jan 2023: Yes"
16,Graduated,Pistacia chinensis,Chinese Pistache,ReLeaf,2019-12-07,173 Chorro St.,35.289361,-120.669571,true,good,"Laura was organizer of our first big planting and is watching many trees on her street.

ReLeaf #: RL16
Stock size: 15 gallon
Neighborhood: Chorro
Census tract: 6079011200
Low income: Yes
Planting area: 17' x 4'
Distance to nearest building: 21-40 ft.
Tagged: Yes
Mulched Jan 2023: Yes"
17,Graduated,Pistacia chinensis,Chinese Pistache,ReLeaf,2019-12-07,173 Chorro St.,35.289306,-120.669556,true,good,"Laura was organizer of our first big planting and is watching many trees on her street.

ReLeaf #: RL17
Stock size: 15 gallon
Neighborhood: Chorro
Census tract: 6079011200
Low income: Yes
Planting area: 11' x 4'
Distance to nearest building: 21-40 ft.
Tagged: Yes
Mulched Jan 2023: Yes"
18,Graduated,Pistacia chinensis,Chinese Pistache,ReLeaf,2019-12-07,808 Mission Ln.,35.288917,-120.669306,true,good,"Laura was organizer of our first big planting and is watching many trees on her street.

ReLeaf #: RL18
Stock size: 15 gallon
Neighborhood: Chorro
Census tract: 6079011200
Low income: Yes
Planting area: 6' x 4'
Distance to nearest building: 21-40 ft.
Tagged: Yes
Mulched Jan 2023: Yes"
19,Graduated,Pistacia chinensis,Chinese Pistache,ReLeaf,2019-12-07,246 Chorro St.,35.288125,-120.669009,true,good,"I think he rents the house here.

ReLeaf #: RL19
Stock size: 15 gallon
Neighborhood: Chorro
Census tract: 6079011200
Low income: Yes
Planting area: 37.5' x 4.5'
Distance to nearest building: 21-40 ft.
Tagged: Yes
Mulched Jan 2023: Yes"
20,Graduated,Pistacia chinensis,Chinese Pistache,ReLeaf,2019-12-07,246 Chorro St.,35.288078,-120.668981,true,good,"I think he rents the house here.

ReLeaf #: RL20
Stock size: 15 gallon
Neighborhood: Chorro
Census tract: 6079011200
Low income: Yes
Planting area: 37.5' x 4.5'
Distance to nearest building: 21-40 ft.
Tagged: Yes
Mulched Jan 2023: Yes"
21,Graduated,Pistacia chinensis,Chinese Pistache,ReLeaf,2019-12-07,246 Chorro St.,35.288015,-120.668962,true,good,"I think he rents the house here.

ReLeaf #: RL21
Stock size: 15 gallon
Neighborhood: Chorro
Census tract: 6079011200
Low income: Yes
Planting area: 32' x 4.5'
Distance to nearest building: 21-40 ft.
Tagged: Yes
Mulched Jan 2023: Yes"
22,Graduated,Pistacia chinensis,Chinese Pistache,ReLeaf,2019-12-07,246 Chorro St.,35.28797,-120.668942,true,good,"I think he rents the house here.

ReLeaf #: RL22
Stock size: 15 gallon
Neighborhood: Chorro
Census tract: 6079011200
Low income: Yes
Planting area: 32' x 4.5'
Distance to nearest building: 21-40 ft.
Tagged: Yes
Mulched Jan 2023: Yes"
23,Graduated,Pistacia chinensis,Chinese Pistache,ReLeaf,2019-12-07,841 Venable St.,35.287862,-120.668463,true,good,"Lives here.

ReLeaf #: RL23
Stock size: 15 gallon
Neighborhood: Chorro
Census tract: 6079011200
Low income: Yes
Planting area: 42' x 4'
Distance to nearest building: 21-40 ft.
Tagged: Yes
Mulched Jan 2023: Yes"
24,Graduated,Pistacia chinensis,Chinese Pistache,ReLeaf,2019-12-07,841 Venable St.,35.287871,-120.66839,true,good,"Lives here.

ReLeaf #: RL24
Stock size: 15 gallon
Neighborhood: Chorro
Census tract: 6079011200
Low income: Yes
Planting area: 42' x 4'
Distance to nearest building: 21-40 ft.
Tagged: Yes
Mulched Jan 2023: Yes
Immediate needs: Missing 1 stake"
25,Graduated,Pistacia chinensis,Chinese Pistache,ReLeaf,2019-12-07,883 Venable St.,35.287982,-120.667526,true,good,"Owner.  Had a tree there, then it died.  We replanted for her.

ReLeaf #: RL25
Stock size: 15 gallon
Neighborhood: Chorro
Census tract: 6079011200
Low income: Yes
Planting area: 22.5' x 4.5'
Distance to nearest building: 0-20 ft.
Tagged: Yes
Mulched Jan 2023: Yes"
26,Graduated,Quercus tomentella,Island Oak,ReLeaf,2019-12-07,191 Chorro St.,35.289066,-120.669502,true,good,"Emily (with Laura) was organizer of our first big planting and is watching many trees on her street.

ReLeaf #: RL26
Stock size: 15 gallon
Neighborhood: Chorro
Census tract: 6079011200
Low income: Yes
Planting area: 10' x 4'
Distance to nearest building: 21-40 ft.
Tagged: Yes
Mulched Jan 2023: Yes"
27,Graduated,Quercus tomentella,Island Oak,ReLeaf,2019-12-07,191 Chorro St.,35.289003,-120.669485,true,good,"Emily (with Laura) was organizer of our first big planting and is watching many trees on her street.

ReLeaf #: RL27
Stock size: 15 gallon
Neighborhood: Chorro
Census tract: 6079011200
Low income: Yes
Planting area: 48' x 4'
Distance to nearest building: 21-40 ft.
Tagged: Yes
Mulched Jan 2023: Yes"
28,Graduated,Quercus tomentella,Island Oak,ReLeaf,2019-12-07,191 Chorro St.,35.289007,-120.669554,false,good,"Emily (with Laura) was organizer of our first big planting and is watching many trees on her street.

ReLeaf #: RL28
Stock size: 15 gallon
Neighborhood: Chorro
Census tract: 6079011200
Low income: Yes
Planting area: Open lawn
Distance to nearest building: 0-20 ft.
Immediate needs: tree moved to front yard."
29,Graduated,Jacaranda mimosifolia,Jacaranda,ReLeaf,2019-12-07,199 Chorro St.,35.288947,-120.669469,true,good,"Emily (with Laura) was organizer of our first big planting and is watching many trees on her street.

Stock size: 15 gallon
Neighborhood: Chorro
Census tract: 6079011200
Low income: Yes
Planting area: 48' x 4'
Distance to nearest building: 21-40 ft.
Tagged: Yes
Mulched Jan 2023: Yes"
30,Graduated,Quercus tomentella,Island Oak,ReLeaf,2019-12-07,1450 Marsh St.,35.284686,-120.653512,true,good,"I think she and her husband adopted these trees and transport water to them.

ReLeaf #: RL29
Stock size: 15 gallon
Neighborhood: Mill
Census tract: 6079011102
Low income: Yes
Planting area: 52.5' x 4'
Distance to nearest building: 21-40 ft.
Tagged: No
Mulched Jan 2023: Yes"
31,Graduated,Agonis flexuosa,Australian Willow,City of SLO,2020-01-25,1352 Aralia Ct.,35.249778,-120.629444,false,good,"ReLeaf #: RL30
Stock size: 15 gallon
Census tract: 6079011503
Low income: No
Planting area: Open lawn
Distance to nearest building: 0-20 ft.
Tagged: No
Mulched Jan 2023: Yes"
33,Graduated,Quercus suber,Cork Oak,ReLeaf,2020-01-25,500 block California,35.29175,-120.661026,true,good,"City is watering

ReLeaf #: RL32
Stock size: 15 gallon
Neighborhood: California
Census tract: 6079010902
Low income: Yes
Distance to nearest building: 60+ ft.
Tagged: No
Mulched Jan 2023: Yes"
34,Graduated,Quercus suber,Cork Oak,ReLeaf,2020-01-25,500 block California,35.29175,-120.66113,true,good,"City is watering

ReLeaf #: RL33
Stock size: 15 gallon
Neighborhood: California
Census tract: 6079010902
Low income: Yes
Distance to nearest building: 60+ ft.
Tagged: No
Mulched Jan 2023: Yes"
48,Graduated,Agonis flexuosa,Australian Willow,ReLeaf,2021-12-09,600 block Mutsuhito Ave,35.263694,-120.650889,true,good,"Replanted. Stakes with board support, trunks still leaning slightly

ReLeaf #: RL47R
Stock size: 15 gallon
Neighborhood: Mitchell
Census tract: 6079011102
Low income: No
Planting area: 64' x 7'
Distance to nearest building: 21-40 ft.
Tagged: No
Mulched Jan 2023: Yes"
49,Graduated,Agonis flexuosa,Australian Willow,ReLeaf,2021-12-09,600 block Mutsuhito Ave,35.26375,-120.650806,true,good,"Replanted. Stakes with board support, trunks still leaning slightly

ReLeaf #: RL48R
Stock size: 15 gallon
Neighborhood: Mitchell
Census tract: 6079011102
Low income: No
Planting area: 64' x 7'
Distance to nearest building: 21-40 ft.
Tagged: No
Mulched Jan 2023: Yes"
52,Graduated,Quercus suber,Cork Oak,ReLeaf,2020-01-31,870 Osos St. (IWMA),35.283167,-120.662444,true,good,"Owners of business.

ReLeaf #: RL51
Stock size: 15 gallon
Neighborhood: Downtown
Census tract: 6079011101
Low income: Yes
Planting area: Open lawn
Distance to nearest building: 0-20 ft.
Tagged: No
Mulched Jan 2023: Yes"
53,Graduated,Quercus suber,Cork Oak,ReLeaf,2020-01-31,870 Osos St. (IWMA),35.28325,-120.6625,true,good,"Owners of business.

ReLeaf #: RL52
Stock size: 15 gallon
Neighborhood: Downtown
Census tract: 6079011101
Low income: Yes
Planting area: Open lawn
Distance to nearest building: 0-20 ft.
Tagged: No
Mulched Jan 2023: Yes"
128,Graduated,Robinia pseudoacacia,Purple Robe,CAL Fire,2021-05-22,Throop Park,35.29557,-120.67594,true,good,"Also kept eye on by Girl Scout Troop, 
Amber Spoeneman (amberloves805@gmail.com)

FullCircle #: F1
Stock size: 15 gallon
Neighborhood: Foothill
Census tract: 6079011200
Low income: Yes
Planting area: Open lawn
Distance to nearest building: 118 ft.
Direction from building: North
Tagged: Yes
Mulched Jan 2023: Yes"
129,Graduated,Robinia pseudoacacia,Purple Robe,CAL Fire,2021-05-22,Throop Park,35.29565,-120.67595,true,good,"Also kept eye on by Girl Scout Troop, 
Amber Spoeneman (amberloves805@gmail.com)

FullCircle #: F2
Stock size: 15 gallon
Neighborhood: Foothill
Census tract: 6079011200
Low income: Yes
Planting area: Open lawn
Distance to nearest building: 110 ft.
Direction from building: North
Tagged: Yes
Mulched Jan 2023: Yes"
130,Graduated,Robinia pseudoacacia,Purple Robe,CAL Fire,2021-05-22,Throop Park,35.29571,-120.67595,true,good,"Also kept eye on by Girl Scout Troop, 
Amber Spoeneman (amberloves805@gmail.com)

FullCircle #: F3
Stock size: 15 gallon
Neighborhood: Foothill
Census tract: 6079011200
Low income: Yes
Planting area: Open lawn
Distance to nearest building: 80 ft.
Direction from building: North
Tagged: Yes
Mulched Jan 2023: Yes"
131,Graduated,Robinia pseudoacacia,Purple Robe,CAL Fire,2021-05-22,Throop Park,35.29578,-120.67597,true,good,"Also kept eye on by Girl Scout Troop, 
Amber Spoeneman (amberloves805@gmail.com)

FullCircle #: F4
Stock size: 15 gallon
Neighborhood: Foothill
Census tract: 6079011200
Low income: Yes
Planting area: Open lawn
Distance to nearest building: 70 ft.
Direction from building: North
Tagged: Yes
Mulched Jan 2023: Yes"
132,Graduated,Robinia pseudoacacia,Purple Robe,CAL Fire,2021-05-22,Throop Park,35.29584,-120.67598,true,good,"Also kept eye on by Girl Scout Troop, 
Amber Spoeneman (amberloves805@gmail.com)

FullCircle #: F5
Stock size: 15 gallon
Neighborhood: Foothill
Census tract: 6079011200
Low income: Yes
Planting area: Open lawn
Distance to nearest building: 60 ft.
Direction from building: North
Tagged: Yes
Mulched Jan 2023: Yes"
133,Graduated,Robinia pseudoacacia,Purple Robe,CAL Fire,2021-05-22,Throop Park,35.2959,-120.67599,true,good,"Also kept eye on by Girl Scout Troop, 
Amber Spoeneman (amberloves805@gmail.com)

FullCircle #: F6
Stock size: 15 gallon
Neighborhood: Foothill
Census tract: 6079011200
Low income: Yes
Planting area: Open lawn
Distance to nearest building: 50 ft.
Direction from building: North
Tagged: Yes
Mulched Jan 2023: Yes"
134,Graduated,Robinia pseudoacacia,Purple Robe,CAL Fire,2021-05-22,Throop Park,35.29554,-120.67676,true,good,"Also kept eye on by Girl Scout Troop, 
Amber Spoeneman (amberloves805@gmail.com)

FullCircle #: F7
Stock size: 15 gallon
Neighborhood: Foothill
Census tract: 6079011200
Low income: Yes
Planting area: Open lawn
Distance to nearest building: 70 ft.
Direction from building: North
Tagged: Yes
Mulched Jan 2023: Yes"
135,Graduated,Robinia pseudoacacia,Purple Robe,CAL Fire,2021-05-22,Throop Park,35.29554,-120.67685,true,good,"Also kept eye on by Girl Scout Troop, 
Amber Spoeneman (amberloves805@gmail.com)

FullCircle #: F8
Stock size: 15 gallon
Neighborhood: Foothill
Census tract: 6079011200
Low income: Yes
Planting area: Open lawn
Distance to nearest building: 70 ft.
Direction from building: North
Tagged: Yes
Mulched Jan 2023: Yes"
136,Graduated,Robinia pseudoacacia,Purple Robe,CAL Fire,2021-05-22,Throop Park,35.29575,-120.67684,true,good,"Also kept eye on by Girl Scout Troop, 
Amber Spoeneman (amberloves805@gmail.com)

FullCircle #: F9
Stock size: 15 gallon
Neighborhood: Foothill
Census tract: 6079011200
Low income: Yes
Planting area: Open lawn
Distance to nearest building: 148 ft.
Direction from building: East
Tagged: Yes
Mulched Jan 2023: Yes"
137,Graduated,Robinia pseudoacacia,Purple Robe,CAL Fire,2021-05-22,Throop Park,35.29612,-120.67693,true,good,"Also kept eye on by Girl Scout Troop, 
Amber Spoeneman (amberloves805@gmail.com)

FullCircle #: F10
Stock size: 15 gallon
Neighborhood: Foothill
Census tract: 6079011200
Low income: Yes
Planting area: Open lawn
Distance to nearest building: 125 ft.
Direction from building: East
Tagged: Yes
Mulched Jan 2023: Yes"
138,Graduated,Robinia pseudoacacia,Purple Robe,CAL Fire,2022-01-13,656 Rancho Dr,35.30186,-120.6829,true,good,"Owner and tree lover

FullCircle #: F11
Stock size: 15 gallon
Neighborhood: Foothill
Census tract: 6079011200
Low income: Yes
Planting area: 4' x 30
Distance to nearest building: 23 ft
Direction from building: West
Tagged: No
Mulched Jan 2023: Yes"
139,Graduated,Robinia pseudoacacia,Purple Robe,CAL Fire,2022-01-13,656 Rancho Dr,35.30178,-120.68287,true,good,"Owner and tree lover

FullCircle #: F12
Stock size: 15 gallon
Neighborhood: Foothill
Census tract: 6079011200
Low income: Yes
Planting area: 4' x 30
Distance to nearest building: 25 ft
Direction from building: West
Tagged: No
Mulched Jan 2023: Yes"
140,Graduated,Robinia pseudoacacia,Purple Robe,CAL Fire,2022-01-13,1652 Lima Dr,35.25746,-120.68678,true,good,"Owner- replaced trees that City of SLO requested to be removed

FullCircle #: F13
Stock size: 15 gallon
Neighborhood: Oceanaire
Census tract: 6079011300
Low income: No
Planting area: 4' x 20'
Distance to nearest building: 22 ft
Direction from building: East
Tagged: Yes
Mulched Jan 2023: Yes"
141,Graduated,Quercus suber,Cork Oak,CAL Fire,2022-01-13,1652 Lima Dr,35.25743,-120.68674,true,good,"Owner- replaced trees that City of SLO requested to be removed

FullCircle #: F14
Stock size: 15 gallon
Neighborhood: Oceanaire
Census tract: 6079011300
Low income: No
Planting area: 4' x 20'
Distance to nearest building: 22 ft
Direction from building: East
Tagged: Yes
Mulched Jan 2023: Yes"
142,Graduated,Robinia pseudoacacia,Purple Robe,CAL Fire,2022-01-13,2311 Lawton St,35.26832,-120.65703,true,good,"Rents house to tenents: Keith forwards watering reminder to tenants

FullCircle #: F15
Stock size: 15 gallon
Neighborhood: Mitchell
Census tract: 6079011102
Low income: No
Planting area: 4' x 20'
Distance to nearest building: 36 ft
Direction from building: West
Tagged: Yes
Mulched Jan 2023: Yes"
143,Graduated,Quercus agrifolia,Coast Live Oak,CAL Fire,2022-01-14,3484 Gregory Court,35.26417,-120.63529,true,good,"Owner

FullCircle #: F16
Stock size: 15 gallon
Census tract: 6079011001
Low income: No
Planting area: 4' x 20'
Distance to nearest building: 20 ft
Direction from building: South
Tagged: No
Mulched Jan 2023: No"
144,Graduated,Quercus suber,Cork Oak,CAL Fire,2022-01-14,1347 Avalon St,35.26307,-120.68854,true,good,"Owner does not repond much over email

FullCircle #: F17
Stock size: 15 gallon
Neighborhood: Oceanaire
Census tract: 6079011300
Low income: No
Planting area: 4' x 20'
Distance to nearest building: 34 ft
Direction from building: West
Tagged: Yes
Mulched Jan 2023: Yes"
145,Graduated,Hesperocyparis macrocarpa,Monterey Cypress,CAL Fire,2022-01-14,2050 Fixlini St,35.27715,-120.64727,false,good,"Owners: Cal Poly professors; Planted in front yard on slope

FullCircle #: F18
Stock size: 15 gallon
Neighborhood: Railroad
Census tract: 6079011002
Low income: Yes
Planting area: 15' x 35'
Distance to nearest building: 50 ft
Direction from building: East
Tagged: No
Mulched Jan 2023: No"
146,Graduated,Quercus agrifolia,Coast Live Oak,CAL Fire,2022-04-27,2220 Snowy Egret Ln,35.30344,-120.80305,false,good,"Died and were replanted; On irrigation

FullCircle #: F19
Stock size: 15 gallon
Neighborhood: Los Osos
Census tract: 6079013000
Low income: No
Planting area: Open Space
Distance to nearest building: 150 ft
Direction from building: West
Tagged: No
Mulched Jan 2023: Yes"
147,Graduated,Quercus agrifolia,Coast Live Oak,CAL Fire,2022-04-27,2220 Snowy Egret Ln,35.30333,-120.80311,false,good,"Died and were replanted; On irrigation

FullCircle #: F20
Stock size: 15 gallon
Neighborhood: Los Osos
Census tract: 6079013000
Low income: No
Planting area: Open Space
Distance to nearest building: 155 ft
Direction from building: West
Tagged: No
Mulched Jan 2023: Yes"
148,Graduated,Quercus agrifolia,Coast Live Oak,CAL Fire,2022-04-27,2220 Snowy Egret Ln,35.30321,-120.80312,false,good,"Died and were replanted; On irrigation

FullCircle #: F21
Stock size: 15 gallon
Neighborhood: Los Osos
Census tract: 6079013000
Low income: No
Planting area: Open Space
Distance to nearest building: 159 ft
Direction from building: West
Tagged: No
Mulched Jan 2023: Yes"
149,Graduated,Quercus agrifolia,Coast Live Oak,CAL Fire,2022-04-27,2220 Snowy Egret Ln,35.30279,-120.80142,false,good,"Died and were replanted; On irrigation

FullCircle #: F22
Stock size: 15 gallon
Neighborhood: Los Osos
Census tract: 6079013000
Low income: No
Planting area: Open Space
Distance to nearest building: 347 ft
Direction from building: East
Tagged: No
Mulched Jan 2023: Yes"
150,Graduated,Quercus agrifolia,Island Oak,CAL Fire,2022-04-27,2220 Snowy Egret Ln,35.30263,-120.80148,false,good,"Died and were replanted; On irrigation

FullCircle #: F23
Stock size: 15 gallon
Neighborhood: Los Osos
Census tract: 6079013000
Low income: No
Planting area: Open Space
Distance to nearest building: 363 ft
Direction from building: East
Tagged: No
Mulched Jan 2023: Yes"
151,Graduated,Quercus tomentella,Island Oak,CAL Fire,2022-01-29,2220 Snowy Egret Ln,35.30308,-120.80122,false,good,"On irrigation

FullCircle #: F24
Stock size: 15 gallon
Neighborhood: Los Osos
Census tract: 6079013000
Low income: No
Planting area: Open Space
Distance to nearest building: 366 ft
Direction from building: East
Tagged: No
Mulched Jan 2023: Yes"
153,Graduated,Quercus tomentella,Island Oak,CAL Fire,2022-01-29,2220 Snowy Egret Ln,35.30281,-120.80129,false,good,"On irrigation

FullCircle #: F26
Stock size: 15 gallon
Neighborhood: Los Osos
Census tract: 6079013000
Low income: No
Planting area: Open Space
Distance to nearest building: 375 ft
Direction from building: East
Tagged: No
Mulched Jan 2023: Yes"
154,Graduated,Quercus tomentella,Island Oak,CAL Fire,2022-01-29,2220 Snowy Egret Ln,35.30314,-120.80109,false,good,"On irrigation

FullCircle #: F27
Stock size: 15 gallon
Neighborhood: Los Osos
Census tract: 6079013000
Low income: No
Planting area: Open Space
Distance to nearest building: 404 ft
Direction from building: East
Tagged: No
Mulched Jan 2023: Yes"
155,Graduated,Hesperocyparis macrocarpa,Monterey Cypress,CAL Fire,2022-01-29,2220 Snowy Egret Ln,35.30299,-120.80113,false,good,"On irrigation

FullCircle #: F28
Stock size: 15 gallon
Neighborhood: Los Osos
Census tract: 6079013000
Low income: No
Planting area: Open Space
Distance to nearest building: 400 ft
Direction from building: East
Tagged: No
Mulched Jan 2023: Yes"
156,Graduated,Hesperocyparis macrocarpa,Monterey Cypress,CAL Fire,2022-01-29,2220 Snowy Egret Ln,35.30286,-120.80117,false,good,"On irrigation

FullCircle #: F29
Stock size: 15 gallon
Neighborhood: Los Osos
Census tract: 6079013000
Low income: No
Planting area: Open Space
Distance to nearest building: 403 ft
Direction from building: East
Tagged: No
Mulched Jan 2023: Yes"
157,Graduated,Hesperocyparis macrocarpa,Monterey Cypress,CAL Fire,2022-01-29,2220 Snowy Egret Ln,35.30272,-120.80123,false,good,"On irrigation

FullCircle #: F30
Stock size: 15 gallon
Neighborhood: Los Osos
Census tract: 6079013000
Low income: No
Planting area: Open Space
Distance to nearest building: 405 ft
Direction from building: East
Tagged: No
Mulched Jan 2023: Yes"
158,Graduated,Hesperocyparis macrocarpa,Monterey Cypress,CAL Fire,2022-01-29,2220 Snowy Egret Ln,35.30257,-120.80128,false,good,"On irrigation

FullCircle #: F31
Stock size: 15 gallon
Neighborhood: Los Osos
Census tract: 6079013000
Low income: No
Planting area: Open Space
Distance to nearest building: 424 ft
Direction from building: East
Tagged: No
Mulched Jan 2023: Yes"
159,Graduated,Hesperocyparis macrocarpa,Monterey Cypress,CAL Fire,2022-01-29,2220 Snowy Egret Ln,35.30268,-120.80134,false,good,"On irrigation

FullCircle #: F32
Stock size: 15 gallon
Neighborhood: Los Osos
Census tract: 6079013000
Low income: No
Planting area: Open Space
Distance to nearest building: 390 ft
Direction from building: East
Tagged: No
Mulched Jan 2023: Yes"
160,Graduated,Quercus agrifolia,Coast Live Oak,TBID,2022-02-05,Terrace Hill Open Space,35.27236,-120.64902,true,good,"Planted in public parkway

Stock size: 15 gallon
Neighborhood: Terrace Hill
Census tract: 6079011002
Low income: Yes
Distance to nearest building: 66 ft
Direction from building: East
Tagged: Yes
Mulched Jan 2023: Yes
Immediate needs: looks sickly- yellow and pale leaves on entire tree. No observable damage other than pruning"
161,Graduated,Quercus agrifolia,Coast Live Oak,TBID,2022-02-05,Terrace Hill Open Space,35.27232,-120.64906,true,good,"Planted in public parkway

Stock size: 15 gallon
Neighborhood: Terrace Hill
Census tract: 6079011002
Low income: Yes
Distance to nearest building: 66 ft
Direction from building: East
Tagged: Yes
Mulched Jan 2023: Yes"
163,Graduated,Quercus agrifolia,Coast Live Oak,TBID,2022-02-05,Terrace Hill Open Space,35.27229,-120.64909,true,good,"Planted in public parkway

Stock size: 15 gallon
Neighborhood: Terrace Hill
Census tract: 6079011002
Low income: Yes
Distance to nearest building: 68 ft
Direction from building: East
Tagged: Yes
Mulched Jan 2023: Yes"
164,Graduated,Quercus agrifolia,Coast Live Oak,TBID,2022-02-05,Terrace Hill Open Space,35.27226,-120.64911,true,good,"Previously watered by Tim Hawkins, who was watering for community service

Stock size: 15 gallon
Neighborhood: Terrace Hill
Census tract: 6079011002
Low income: Yes
Distance to nearest building: 72 ft
Direction from building: East
Tagged: Yes
Mulched Jan 2023: Yes"
165,Graduated,Quercus agrifolia,Coast Live Oak,TBID,2022-02-05,Terrace Hill Open Space,35.27221,-120.64916,true,good,"Previously watered by Tim Hawkins, who was watering for community service

Stock size: 15 gallon
Neighborhood: Terrace Hill
Census tract: 6079011002
Low income: Yes
Distance to nearest building: 86 ft
Direction from building: East
Tagged: Yes
Mulched Jan 2023: Yes"
166,Graduated,Quercus agrifolia,Coast Live Oak,TBID,2022-02-05,Terrace Hill Open Space,35.27217,-120.6492,true,good,"Previously watered by Tim Hawkins, who was watering for community service

Stock size: 15 gallon
Neighborhood: Terrace Hill
Census tract: 6079011002
Low income: Yes
Distance to nearest building: 98 ft
Direction from building: East
Tagged: Yes
Mulched Jan 2023: Yes"
167,Graduated,Quercus agrifolia,Coast Live Oak,TBID,2022-02-05,Terrace Hill Open Space,35.27212,-120.64923,true,good,"Previously watered by Tim Hawkins, who was watering for community service

Stock size: 15 gallon
Neighborhood: Terrace Hill
Census tract: 6079011002
Low income: Yes
Distance to nearest building: 113 ft
Direction from building: East
Tagged: Yes
Mulched Jan 2023: Yes"
168,Graduated,Quercus agrifolia,Coast Live Oak,TBID,2022-02-05,Terrace Hill Open Space,35.2721,-120.64926,true,good,"Planted in public parkway

Stock size: 15 gallon
Neighborhood: Terrace Hill
Census tract: 6079011002
Low income: Yes
Distance to nearest building: 125 ft
Direction from building: East
Tagged: Yes
Mulched Jan 2023: Yes
Immediate needs: gone April 8-23, needs tree care"
169,Graduated,Quercus agrifolia,Coast Live Oak,TBID,2022-02-05,Terrace Hill Open Space,35.27204,-120.64933,true,good,"Planted in public parkway

Stock size: 15 gallon
Neighborhood: Terrace Hill
Census tract: 6079011002
Low income: Yes
Distance to nearest building: 116 ft
Direction from building: East
Tagged: Yes
Mulched Jan 2023: Yes
Immediate needs: gone April 8-23, needs tree care"
170,Graduated,Quercus agrifolia,Coast Live Oak,CAL Fire,2022-02-05,Terrace Hill Open Space,35.27198,-120.64939,true,good,"Planted in public parkway

FullCircle #: F33
Stock size: 15 gallon
Neighborhood: Terrace Hill
Census tract: 6079011002
Low income: Yes
Distance to nearest building: 117 ft
Direction from building: East
Tagged: Yes
Mulched Jan 2023: Yes"
171,Graduated,Quercus agrifolia,Coast Live Oak,CAL Fire,2022-02-05,Terrace Hill Open Space,35.27194,-120.64942,true,good,"Planted in public parkway

FullCircle #: F34
Stock size: 15 gallon
Neighborhood: Terrace Hill
Census tract: 6079011002
Low income: Yes
Distance to nearest building: 108 ft
Direction from building: South
Tagged: Yes
Mulched Jan 2023: Yes"
172,Graduated,Quercus agrifolia,Coast Live Oak,CAL Fire,2022-02-05,Terrace Hill Open Space,35.27191,-120.64945,true,good,"Planted in public parkway

FullCircle #: F35
Stock size: 15 gallon
Neighborhood: Terrace Hill
Census tract: 6079011002
Low income: Yes
Distance to nearest building: 97 ft
Direction from building: South
Tagged: Yes
Mulched Jan 2023: Yes"
173,Graduated,Quercus agrifolia,Coast Live Oak,CAL Fire,2022-02-05,Terrace Hill Open Space,35.27188,-120.64948,true,good,"Planted in public parkway

FullCircle #: F36
Stock size: 15 gallon
Neighborhood: Terrace Hill
Census tract: 6079011002
Low income: Yes
Distance to nearest building: 85 ft
Direction from building: South
Tagged: Yes
Mulched Jan 2023: Yes"
174,Graduated,Quercus agrifolia,Coast Live Oak,CAL Fire,2022-02-05,Terrace Hill Open Space,35.27186,-120.64951,true,good,"Planted in public parkway

FullCircle #: F37
Stock size: 15 gallon
Neighborhood: Terrace Hill
Census tract: 6079011002
Low income: Yes
Distance to nearest building: 79 ft
Direction from building: South
Tagged: Yes
Mulched Jan 2023: Yes"
175,Graduated,Quercus agrifolia,Coast Live Oak,CAL Fire,2022-04-27,490 Los Osos Valley Rd,35.3131,-120.84583,true,good,"Contact for the Church: these trees are cared for by a maintence crew every Tuesday

FullCircle #: F38
Stock size: 15 gallon
Neighborhood: Los Osos
Census tract: 6079010707
Low income: No
Distance to nearest building: 62 ft
Direction from building: East
Tagged: No
Mulched Jan 2023: Yes"
176,Graduated,Quercus agrifolia,Coast Live Oak,CAL Fire,2022-04-27,490 Los Osos Valley Rd,35.3132,-120.84584,true,good,"Contact for the Church: these trees are cared for by a maintence crew every Tuesday

FullCircle #: F39
Stock size: 15 gallon
Neighborhood: Los Osos
Census tract: 6079010707
Low income: No
Distance to nearest building: 56 ft
Direction from building: East
Tagged: No
Mulched Jan 2023: Yes"
177,Graduated,Quercus agrifolia,Coast Live Oak,CAL Fire,2022-04-27,490 Los Osos Valley Rd,35.31331,-120.84582,true,good,"Contact for the Church: these trees are cared for by a maintence crew every Tuesday

FullCircle #: F40
Stock size: 15 gallon
Neighborhood: Los Osos
Census tract: 6079010707
Low income: No
Distance to nearest building: 50 ft
Direction from building: East
Tagged: No
Mulched Jan 2023: Yes"
178,Graduated,Quercus agrifolia,Coast Live Oak,CAL Fire,2022-04-27,490 Los Osos Valley Rd,35.31341,-120.84579,true,good,"Contact for the Church: these trees are cared for by a maintence crew every Tuesday

FullCircle #: F41
Stock size: 15 gallon
Neighborhood: Los Osos
Census tract: 6079010707
Low income: No
Distance to nearest building: 45 ft
Direction from building: East
Tagged: No
Mulched Jan 2023: Yes"
179,Graduated,Robinia pseudoacacia,Purple Robe,CAL Fire,2022-04-27,490 Los Osos Valley Rd,35.3135,-120.84575,true,good,"Contact for the Church: these trees are cared for by a maintence crew every Tuesday

FullCircle #: F42
Stock size: 15 gallon
Neighborhood: Los Osos
Census tract: 6079010707
Low income: No
Distance to nearest building: 36 ft
Direction from building: East
Tagged: No
Mulched Jan 2023: Yes"
180,Graduated,Robinia pseudoacacia,Purple Robe,CAL Fire,2022-04-27,490 Los Osos Valley Rd,35.31388,-120.84495,true,good,"Contact for the Church: these trees are cared for by a maintence crew every Tuesday

FullCircle #: F43
Stock size: 15 gallon
Neighborhood: Los Osos
Census tract: 6079010707
Low income: No
Distance to nearest building: 60 ft
Direction from building: North
Tagged: No
Mulched Jan 2023: Yes"
181,Graduated,Quercus lobata,Valley Oak,CAL Fire,2022-04-28,523 N Thompson Ave,35.05082,-120.4849,true,good,"Kai Sanson (kai.sanson@lmusd.org) is the advisor for the Garden Club and Kristi Greco (kristi.greco@lmusd.org) is teaching environmental science. Tree is irrigated.

FullCircle #: F44
Stock size: 15 gallon
Neighborhood: Nipomo
Census tract: 6079012401
Low income: No
Planting area: Open Space
Distance to nearest building: 122 ft
Direction from building: South
Tagged: No
Mulched Jan 2023: No"
182,Graduated,Quercus wislizeni,Interior Live Oak,CAL Fire,2022-04-28,523 N Thompson Ave,35.05072,-120.48494,true,good,"Kai Sanson (kai.sanson@lmusd.org) is the advisor for the Garden Club and Kristi Greco (kristi.greco@lmusd.org) is teaching environmental science. Tree is irrigated.

FullCircle #: F45
Stock size: 15 gallon
Neighborhood: Nipomo
Census tract: 6079012401
Low income: No
Planting area: Open Space
Distance to nearest building: 98 ft
Direction from building: South
Tagged: No
Mulched Jan 2023: No"
183,Graduated,Quercus lobata,Valley Oak,CAL Fire,2022-04-28,523 N Thompson Ave,35.05064,-120.48501,true,good,"Kai Sanson (kai.sanson@lmusd.org) is the advisor for the Garden Club and Kristi Greco (kristi.greco@lmusd.org) is teaching environmental science. Tree is irrigated.

FullCircle #: F46
Stock size: 15 gallon
Neighborhood: Nipomo
Census tract: 6079012401
Low income: No
Planting area: Open Space
Distance to nearest building: 90 ft
Direction from building: South
Tagged: No
Mulched Jan 2023: No"
184,Graduated,Quercus agrifolia,Coast Live Oak,CAL Fire,2022-04-28,523 N Thompson Ave,35.05056,-120.48512,true,good,"Kai Sanson (kai.sanson@lmusd.org) is the advisor for the Garden Club and Kristi Greco (kristi.greco@lmusd.org) is teaching environmental science. Tree is irrigated.

FullCircle #: F47
Stock size: 15 gallon
Neighborhood: Nipomo
Census tract: 6079012401
Low income: No
Planting area: Open Space
Distance to nearest building: 109 ft
Direction from building: South
Tagged: No
Mulched Jan 2023: No"
185,Graduated,Quercus lobata,Valley Oak,CAL Fire,2022-04-28,523 N Thompson Ave,35.05048,-120.48521,true,good,"Kai Sanson (kai.sanson@lmusd.org) is the advisor for the Garden Club and Kristi Greco (kristi.greco@lmusd.org) is teaching environmental science. Tree is irrigated.

FullCircle #: F48
Stock size: 15 gallon
Neighborhood: Nipomo
Census tract: 6079012401
Low income: No
Planting area: Open Space
Distance to nearest building: 89 ft
Direction from building: South
Tagged: No
Mulched Jan 2023: No"
186,Graduated,Pistacia chinensis,Chinese Pistache,TBID,2022-05-07,1831 Garden St,35.27359,-120.65837,true,good,"Stock size: 15 gallon
Neighborhood: Railroad
Census tract: 6079011102
Low income: No
Distance to nearest building: 25 ft
Direction from building: West
Tagged: No
Mulched Jan 2023: No"
187,Graduated,Pistacia chinensis,Chinese Pistache,TBID,2022-05-07,1831 Garden St,35.27356,-120.65834,true,good,"Stock size: 15 gallon
Neighborhood: Railroad
Census tract: 6079011102
Low income: No
Distance to nearest building: 25 ft
Direction from building: West
Tagged: No
Mulched Jan 2023: No"
188,Graduated,Pistacia chinensis,Chinese Pistache,TBID,2022-05-07,1831 Garden St,35.27352,-120.65831,true,good,"Stock size: 15 gallon
Neighborhood: Railroad
Census tract: 6079011102
Low income: No
Distance to nearest building: 25 ft
Direction from building: West
Tagged: No
Mulched Jan 2023: No"
189,Graduated,Ulmus parvifolia ‘Drake’,Chinese Elm,TBID,2022-05-07,1841 Garden St,35.27322,-120.65829,true,good,"Homeowner: Amy amymccracken75@gmail.com

Stock size: 15 gallon
Neighborhood: Railroad
Census tract: 6079011102
Low income: No
Distance to nearest building: 20 ft
Direction from building: North
Tagged: No
Mulched Jan 2023: No"
190,Graduated,Ulmus parvifolia ‘Drake’,Chinese Elm,TBID,2022-05-07,1841 Garden St,35.27325,-120.65824,true,good,"Homeowner: Amy amymccracken75@gmail.com

Stock size: 15 gallon
Neighborhood: Railroad
Census tract: 6079011102
Low income: No
Distance to nearest building: 20 ft
Direction from building: North
Tagged: No
Mulched Jan 2023: No"
191,Graduated,Ulmus parvifolia ‘Drake’,Chinese Elm,TBID,2022-05-07,1841 Garden St,35.27328,-120.65819,true,good,"Homeowner: Amy amymccracken75@gmail.com

Stock size: 15 gallon
Neighborhood: Railroad
Census tract: 6079011102
Low income: No
Distance to nearest building: 25 ft
Direction from building: North
Tagged: No
Mulched Jan 2023: No"
192,Graduated,Ulmus parvifolia ‘Drake’,Chinese Elm,TBID,2022-05-07,1845 Chorro St,35.27362,-120.65763,true,good,"Stock size: 15 gallon
Neighborhood: Railroad
Census tract: 6079011102
Low income: No
Distance to nearest building: 17 ft
Direction from building: North
Tagged: No
Mulched Jan 2023: No"
193,Graduated,Ulmus parvifolia ‘Drake’,Chinese Elm,TBID,2022-05-07,1845 Chorro St,35.27365,-120.65759,true,good,"Stock size: 15 gallon
Neighborhood: Railroad
Census tract: 6079011102
Low income: No
Distance to nearest building: 17 ft
Direction from building: North
Tagged: No
Mulched Jan 2023: No"
194,Graduated,Ulmus parvifolia ‘Drake’,Chinese Elm,TBID,2022-05-07,1845 Chorro St,35.27367,-120.65754,true,good,"Stock size: 15 gallon
Neighborhood: Railroad
Census tract: 6079011102
Low income: No
Distance to nearest building: 17 ft
Direction from building: North
Tagged: No
Mulched Jan 2023: No"
195,Graduated,Pistacia chinensis,Chinese Pistache,TBID,2022-05-07,1907 Chorro St,35.27348,-120.65762,true,good,"Stock size: 15 gallon
Neighborhood: Railroad
Census tract: 6079011102
Low income: No
Distance to nearest building: 13 ft
Direction from building: South
Tagged: No
Mulched Jan 2023: No"
196,Graduated,Pistacia chinensis,Chinese Pistache,TBID,2022-05-07,1907 Chorro St,35.27351,-120.65757,true,good,"Stock size: 15 gallon
Neighborhood: Railroad
Census tract: 6079011102
Low income: No
Distance to nearest building: 25 ft
Direction from building: South
Tagged: No
Mulched Jan 2023: No"
197,Graduated,Pistacia chinensis,Chinese Pistache,TBID,2022-05-07,1907 Chorro St,35.27354,-120.65751,true,good,"Stock size: 15 gallon
Neighborhood: Railroad
Census tract: 6079011102
Low income: No
Distance to nearest building: 37 ft
Direction from building: South
Tagged: No
Mulched Jan 2023: No"
198,Graduated,Ulmus parvifolia ‘Drake’,Chinese Elm,TBID,2022-05-07,1907 Chorro St,35.27348,-120.65743,true,good,"Stock size: 15 gallon
Neighborhood: Railroad
Census tract: 6079011102
Low income: No
Distance to nearest building: 30 ft
Direction from building: West
Tagged: No
Mulched Jan 2023: No
Immediate needs: DRY"
199,Graduated,Ulmus parvifolia ‘Drake’,Chinese Elm,TBID,2022-05-07,1907 Chorro St,35.27339,-120.65742,true,good,"Stock size: 15 gallon
Neighborhood: Railroad
Census tract: 6079011102
Low income: No
Distance to nearest building: 20 ft
Direction from building: West
Tagged: No
Mulched Jan 2023: No
Immediate needs: DRY"
200,Graduated,Ulmus parvifolia ‘Drake’,Chinese Elm,TBID,2022-05-07,1907 Chorro St,35.27333,-120.65742,true,good,"Stock size: 15 gallon
Neighborhood: Railroad
Census tract: 6079011102
Low income: No
Distance to nearest building: 30 ft
Direction from building: West
Tagged: No
Mulched Jan 2023: No"
201,Graduated,Pistacia chinensis,Chinese Pistache,TBID,2022-05-07,730 High St,35.27226,-120.65812,true,good,"Stock size: 15 gallon
Neighborhood: Railroad
Census tract: 6079011102
Low income: No
Distance to nearest building: 26 ft
Direction from building: North
Tagged: No
Mulched Jan 2023: No"
202,Graduated,Pistacia chinensis,Chinese Pistache,TBID,2022-05-07,730 High St,35.27226,-120.65807,true,good,"Stock size: 15 gallon
Neighborhood: Railroad
Census tract: 6079011102
Low income: No
Distance to nearest building: 26 ft
Direction from building: North
Tagged: No
Mulched Jan 2023: No"
203,Graduated,Robinia pseudoacacia,Purple Robe,CAL Fire,2022-05-11,1042 Pacific St,35.28016,-120.65871,true,good,"FullCircle #: F49
Stock size: 15 gallon
Neighborhood: Downtown
Census tract: 6079011101
Low income: Yes
Distance to nearest building: 22 ft
Direction from building: North
Tagged: Yes
Mulched Jan 2023: No"
204,Graduated,Ulmus parvifolia ‘Drake’,Chinese Elm,TBID,2022-05-25,1810 Nipomo St,35.27269,-120.66072,true,good,"Homeowner: Patrick: patrickpearson1969@yahoo.com

Stock size: 15 gallon
Neighborhood: Railroad
Census tract: 6079011102
Low income: No
Distance to nearest building: 13 ft
Direction from building: East
Tagged: Yes
Mulched Jan 2023: Yes"
205,Active,Pistacia chinensis,Chinese Pistache,TBID,2025-06-06,1810 Nipomo St,35.27259,-120.66062,true,good,"Replant

Stock size: 15 gallon
Neighborhood: Railroad
Census tract: 6079011102
Low income: No
Distance to nearest building: 13 ft
Direction from building: East
Tagged: Yes
Mulched Jan 2023: Yes
Immediate needs: Homeowner: Suzanne: Carbonqwen@yahoo.com"
206,Active,Pistacia chinensis,Chinese Pistache,TBID,2025-06-06,1810 Nipomo St,35.27256,-120.66059,true,good,"Replant; Homeowner: Suzanne: Carbonqwen@yahoo.com

Stock size: 15 gallon
Neighborhood: Railroad
Census tract: 6079011102
Low income: No
Distance to nearest building: 13 ft
Direction from building: East
Tagged: Yes
Mulched Jan 2023: Yes"
207,Active,Quercus suber,Cork Oak,CAL Fire,2023-01-20,"550 Crocker St, Templeton",35.54979,-120.70734,true,good,"FullCircle #: F50
Stock size: 15 gallon
Neighborhood: North County
Census tract: 6079012900
Low income: No
Planting area: Open Space
Distance to nearest building: 76 ft
Direction from building: East
Tagged: Yes
Mulched Jan 2023: Yes"
208,Active,Quercus suber,Cork Oak,CAL Fire,2023-01-20,"550 Crocker St, Templeton",35.54932,-120.70711,true,good,"FullCircle #: F51
Stock size: 15 gallon
Neighborhood: North County
Census tract: 6079012900
Low income: No
Planting area: Open Space
Distance to nearest building: 97 ft
Direction from building: South
Tagged: Yes
Mulched Jan 2023: Yes"
221,Active,Quercus agrifolia,Coast Live Oak,CAL Fire,2023-02-04,2400 Loomis St,35.2943449,-120.6433519,true,good,"Also cared for by SLO County Parks (Sarah): scolvin@co.slo.ca.us

FullCircle #: F64
Stock size: 15 gallon
Neighborhood: Cuesta Park
Census tract: 6079010901
Low income: Yes
Planting area: Open Space
Distance to nearest building: 150 ft
Direction from building: E
Tagged: Yes
Mulched Jan 2023: Yes"
222,Active,Quercus agrifolia,Coast Live Oak,CAL Fire,2023-02-04,2400 Loomis St,35.2943244,-120.6437565,true,good,"Also cared for by SLO County Parks (Sarah): scolvin@co.slo.ca.us

FullCircle #: F65
Stock size: 15 gallon
Neighborhood: Cuesta Park
Census tract: 6079010901
Low income: Yes
Planting area: Open Space
Distance to nearest building: 269 ft
Direction from building: E
Tagged: Yes
Mulched Jan 2023: Yes"
223,Active,Quercus agrifolia,Coast Live Oak,CAL Fire,2023-02-04,2400 Loomis St,35.2940633,-120.6438541,true,good,"Also cared for by SLO County Parks (Sarah): scolvin@co.slo.ca.us

FullCircle #: F66
Stock size: 15 gallon
Neighborhood: Cuesta Park
Census tract: 6079010901
Low income: Yes
Planting area: Open Space
Distance to nearest building: 215 ft
Direction from building: SW
Tagged: Yes
Mulched Jan 2023: Yes"
224,Active,Quercus agrifolia,Coast Live Oak,CAL Fire,2023-02-04,2400 Loomis St,35.2936862,-120.6437009,true,good,"Also cared for by SLO County Parks (Sarah): scolvin@co.slo.ca.us

FullCircle #: F67
Stock size: 15 gallon
Neighborhood: Cuesta Park
Census tract: 6079010901
Low income: Yes
Planting area: Open Space
Distance to nearest building: 123 ft
Direction from building: SW
Tagged: Yes
Mulched Jan 2023: Yes"
225,Active,Quercus agrifolia,Coast Live Oak,CAL Fire,2023-02-04,2400 Loomis St,35.293576,-120.6438484,true,good,"Also cared for by SLO County Parks (Sarah): scolvin@co.slo.ca.us

FullCircle #: F68
Stock size: 15 gallon
Neighborhood: Cuesta Park
Census tract: 6079010901
Low income: Yes
Planting area: Open Space
Distance to nearest building: 67 ft
Direction from building: SW
Tagged: Yes
Mulched Jan 2023: Yes"
226,Active,Quercus agrifolia,Coast Live Oak,CAL Fire,2023-02-04,2400 Loomis St,35.2935116,-120.6441488,true,good,"Also cared for by SLO County Parks (Sarah): scolvin@co.slo.ca.us

FullCircle #: F69
Stock size: 15 gallon
Neighborhood: Cuesta Park
Census tract: 6079010901
Low income: Yes
Planting area: Open Space
Distance to nearest building: 22 ft
Direction from building: SE
Tagged: Yes
Mulched Jan 2023: Yes"
227,Active,Hesperocyparis macrocarpa,Monterey Cypress,CAL Fire,2023-02-18,"1330 Dewey Dr, Oceano",35.1049955,-120.6234391,true,good,"Irrigated; Chris Hamma  (cchamma9876@gmail.com) also watches over these

FullCircle #: F70
Stock size: 15 gallon
Neighborhood: South County
Census tract: 6079012200
Low income: Yes
Planting area: Open Space
Distance to nearest building: 101 ft
Direction from building: S
Tagged: Yes
Mulched Jan 2023: Yes"
228,Active,Hesperocyparis macrocarpa,Monterey Cypress,CAL Fire,2023-02-18,"1330 Dewey Dr, Oceano",35.105253,-120.6241627,true,good,"Irrigated; Chris Hamma  (cchamma9876@gmail.com) also watches over these

FullCircle #: F71
Stock size: 15 gallon
Neighborhood: South County
Census tract: 6079012200
Low income: Yes
Planting area: Open Space
Distance to nearest building: 141 ft
Direction from building: N
Tagged: Yes
Mulched Jan 2023: Yes"
229,Active,Hesperocyparis macrocarpa,Monterey Cypress,CAL Fire,2023-02-18,"1330 Dewey Dr, Oceano",35.1053745,-120.6241811,true,good,"Irrigated; Chris Hamma  (cchamma9876@gmail.com) also watches over these

FullCircle #: F72
Stock size: 15 gallon
Neighborhood: South County
Census tract: 6079012200
Low income: Yes
Planting area: Open Space
Distance to nearest building: 157 ft
Direction from building: NE
Tagged: Yes
Mulched Jan 2023: Yes"
230,Active,Hesperocyparis macrocarpa,Monterey Cypress,CAL Fire,2023-02-18,"1330 Dewey Dr, Oceano",35.1051041,-120.6233593,true,good,"Irrigated; Chris Hamma  (cchamma9876@gmail.com) also watches over these

FullCircle #: F73
Stock size: 15 gallon
Neighborhood: South County
Census tract: 6079012200
Low income: Yes
Planting area: Open Space
Distance to nearest building: 112 ft
Direction from building: E
Tagged: Yes
Mulched Jan 2023: Yes"
231,Active,Hesperocyparis macrocarpa,Monterey Cypress,CAL Fire,2023-02-18,"494 Air Park Dr, Oceano",35.1048344,-120.6255896,true,good,"Chris Hamma  (cchamma9876@gmail.com) waters

FullCircle #: F74
Stock size: 15 gallon
Neighborhood: South County
Census tract: 6079012200
Low income: Yes
Planting area: Open Space
Distance to nearest building: 42 ft
Direction from building: SW
Tagged: Yes
Mulched Jan 2023: Yes"
232,Active,Hesperocyparis macrocarpa,Monterey Cypress,CAL Fire,2023-02-18,"494 Air Park Dr, Oceano",35.1046614,-120.6258317,true,good,"Chris Hamma  (cchamma9876@gmail.com) waters

FullCircle #: F75
Stock size: 15 gallon
Neighborhood: South County
Census tract: 6079012200
Low income: Yes
Planting area: Open Space
Distance to nearest building: 31 ft
Direction from building: SE
Tagged: Yes
Mulched Jan 2023: Yes"
233,Active,Hesperocyparis macrocarpa,Monterey Cypress,CAL Fire,2023-02-18,"1330 Dewey Dr, Oceano",35.1067045,-120.6247491,true,good,"Irrigated; Chris Hamma  (cchamma9876@gmail.com) also watches over these

FullCircle #: F76
Stock size: 15 gallon
Neighborhood: South County
Census tract: 6079012200
Low income: Yes
Planting area: Open Space
Distance to nearest building: 96 ft
Direction from building: E
Tagged: Yes
Mulched Jan 2023: Yes"
234,Active,Hesperocyparis macrocarpa,Monterey Cypress,CAL Fire,2023-02-18,"1330 Dewey Dr, Oceano",35.1067358,-120.6248051,true,good,"Irrigated; Chris Hamma  (cchamma9876@gmail.com) also watches over these

FullCircle #: F77
Stock size: 15 gallon
Neighborhood: South County
Census tract: 6079012200
Low income: Yes
Planting area: Open Space
Distance to nearest building: 114 ft
Direction from building: E
Tagged: Yes
Mulched Jan 2023: Yes"
235,Active,Cinnamomum camphora,Camphor,CAL Fire,2023-03-04,3595 S. Higuera st.,35.2512913,-120.6707101,true,good,"FullCircle #: F78
Stock size: 15 gallon
Neighborhood: South Higuera
Census tract: 6079011103
Low income: Yes
Distance to nearest building: 149 ft
Direction from building: NE
Tagged: Yes
Mulched Jan 2023: Yes"
236,Active,Cinnamomum camphora,Camphor,CAL Fire,2023-03-04,3595 S. Higuera st.,35.2512286,-120.6707758,true,good,"FullCircle #: F79
Stock size: 15 gallon
Neighborhood: South Higuera
Census tract: 6079011103
Low income: Yes
Distance to nearest building: 175 ft
Direction from building: NE
Tagged: Yes
Mulched Jan 2023: Yes"
237,Active,Quercus tomentella,Island Oak,CAL Fire,2023-03-04,3595 S. Higuera st.,35.2515511,-120.6707094,true,good,"FullCircle #: F80
Stock size: 15 gallon
Neighborhood: South Higuera
Census tract: 6079011103
Low income: Yes
Distance to nearest building: 107 ft
Direction from building: NE
Tagged: Yes
Mulched Jan 2023: Yes"
238,Active,Quercus tomentella,Island Oak,CAL Fire,2023-03-04,3595 S. Higuera st.,35.2516518,-120.6706447,true,good,"FullCircle #: F81
Stock size: 15 gallon
Neighborhood: South Higuera
Census tract: 6079011103
Low income: Yes
Distance to nearest building: 95 ft
Direction from building: E
Tagged: Yes
Mulched Jan 2023: Yes"
239,Active,Quercus tomentella,Island Oak,CAL Fire,2023-03-04,3595 S. Higuera st.,35.2518273,-120.6704894,true,good,"FullCircle #: F82
Stock size: 15 gallon
Neighborhood: South Higuera
Census tract: 6079011103
Low income: Yes
Distance to nearest building: 96 ft
Direction from building: E
Tagged: Yes
Mulched Jan 2023: Yes"
240,Active,Quercus tomentella,Island Oak,CAL Fire,2023-03-04,3595 S. Higuera st.,35.2519237,-120.6704261,true,good,"FullCircle #: F83
Stock size: 15 gallon
Neighborhood: South Higuera
Census tract: 6079011103
Low income: Yes
Distance to nearest building: 91 ft
Direction from building: SE
Tagged: Yes
Mulched Jan 2023: Yes"
241,Active,Quercus tomentella,Island Oak,CAL Fire,2023-03-04,3595 S. Higuera st.,35.2520171,-120.6704261,true,good,"FullCircle #: F84
Stock size: 15 gallon
Neighborhood: South Higuera
Census tract: 6079011103
Low income: Yes
Distance to nearest building: 86 ft
Direction from building: SE
Tagged: Yes
Mulched Jan 2023: Yes"
242,Active,Quercus tomentella,Island Oak,CAL Fire,2023-03-04,3595 S. Higuera st.,35.2521132,-120.6703617,true,good,"FullCircle #: F85
Stock size: 15 gallon
Neighborhood: South Higuera
Census tract: 6079011103
Low income: Yes
Distance to nearest building: 84 ft
Direction from building: E
Tagged: Yes
Mulched Jan 2023: Yes
Immediate needs: Maybe missing a stake?"
243,Active,Quercus tomentella,Island Oak,CAL Fire,2023-03-04,3595 S. Higuera st.,35.2522646,-120.6702601,true,good,"FullCircle #: F86
Stock size: 15 gallon
Neighborhood: South Higuera
Census tract: 6079011103
Low income: Yes
Distance to nearest building: 91 ft
Direction from building: E
Tagged: Yes
Mulched Jan 2023: Yes"
244,Active,Quercus tomentella,Island Oak,CAL Fire,2023-03-04,3595 S. Higuera st.,35.2526695,-120.6700496,true,good,"FullCircle #: F87
Stock size: 15 gallon
Neighborhood: South Higuera
Census tract: 6079011103
Low income: Yes
Distance to nearest building: 68 ft
Direction from building: SE
Tagged: Yes
Mulched Jan 2023: Yes"
245,Active,Quercus suber,Cork Oak,CAL Fire,2023-03-04,3595 S. Higuera st.,35.2523147,-120.6701743,true,good,"FullCircle #: F88
Stock size: 15 gallon
Neighborhood: South Higuera
Census tract: 6079011103
Low income: Yes
Distance to nearest building: 70 ft
Direction from building: E
Tagged: Yes
Mulched Jan 2023: Yes"
246,Active,Quercus suber,Cork Oak,CAL Fire,2023-03-04,3595 S. Higuera st.,35.2520623,-120.6703396,true,good,"FullCircle #: F89
Stock size: 15 gallon
Neighborhood: South Higuera
Census tract: 6079011103
Low income: Yes
Distance to nearest building: 80 ft
Direction from building: SE
Tagged: Yes
Mulched Jan 2023: Yes"
247,Active,Quercus lobata,Valley Oak,CAL Fire,2023-03-04,3595 S. Higuera st.,35.2519497,-120.6704063,true,good,"FullCircle #: F90
Stock size: 15 gallon
Neighborhood: South Higuera
Census tract: 6079011103
Low income: Yes
Distance to nearest building: 73 ft
Direction from building: SE
Tagged: Yes
Mulched Jan 2023: Yes"
248,Active,Quercus suber,Cork Oak,CAL Fire,2023-03-04,3595 S. Higuera st.,35.25171,-120.67052,true,good,"FullCircle #: F91
Stock size: 15 gallon
Neighborhood: South Higuera
Census tract: 6079011103
Low income: Yes
Distance to nearest building: 75 ft
Direction from building: E
Tagged: Yes
Mulched Jan 2023: Yes"
249,Active,Quercus suber,Cork Oak,CAL Fire,2023-03-04,3595 S. Higuera st.,35.25162,-120.67057,true,fair,"FullCircle #: F92
Stock size: 15 gallon
Neighborhood: South Higuera
Census tract: 6079011103
Low income: Yes
Distance to nearest building: 78 ft
Direction from building: E
Tagged: Yes
Mulched Jan 2023: Yes"
250,Active,Quercus tomentella,Island Oak,CAL Fire,2023-03-04,3595 S. Higuera st.,35.2515612,-120.6706407,true,good,"FullCircle #: F93
Stock size: 15 gallon
Neighborhood: South Higuera
Census tract: 6079011103
Low income: Yes
Distance to nearest building: 82 ft
Direction from building: E
Tagged: Yes
Mulched Jan 2023: Yes"
251,Active,Quercus lobata,Valley Oak,CAL Fire,2023-03-04,3595 S. Higuera st.,35.2514334,-120.6706571,true,good,"FullCircle #: F94
Stock size: 15 gallon
Neighborhood: South Higuera
Census tract: 6079011103
Low income: Yes
Distance to nearest building: 99 ft
Direction from building: NE
Tagged: Yes
Mulched Jan 2023: Yes"
252,Active,Quercus agrifolia,Coast Live Oak,CAL Fire,2023-03-31,904 W Tefft St,35.030029,-120.496362,true,good,"FullCircle #: F95
Stock size: 15 gallon
Neighborhood: Nipomo
Census tract: 6079012402
Low income: No
Planting area: Open space
Distance to nearest building: 97 ft
Direction from building: W
Tagged: Yes
Mulched Jan 2023: Yes"
253,Active,Quercus agrifolia,Coast Live Oak,CAL Fire,2023-03-31,904 W Tefft St,35.029962,-120.496632,true,good,"FullCircle #: F96
Stock size: 15 gallon
Neighborhood: Nipomo
Census tract: 6079012402
Low income: No
Planting area: Open space
Distance to nearest building: 19 ft
Direction from building: NW
Tagged: Yes
Mulched Jan 2023: Yes"
254,Active,Quercus agrifolia,Coast Live Oak,CAL Fire,2023-03-31,904 W Tefft St,35.02987,-120.496838,true,good,"FullCircle #: F97
Stock size: 15 gallon
Neighborhood: Nipomo
Census tract: 6079012402
Low income: No
Planting area: Open space
Distance to nearest building: 29 ft
Direction from building: NE
Tagged: Yes
Mulched Jan 2023: Yes"
255,Active,Quercus agrifolia,Coast Live Oak,CAL Fire,2023-03-31,904 W Tefft St,35.030038,-120.496889,true,good,"FullCircle #: F98
Stock size: 15 gallon
Neighborhood: Nipomo
Census tract: 6079012402
Low income: No
Planting area: Open space
Distance to nearest building: 8 ft
Direction from building: SE
Tagged: Yes
Mulched Jan 2023: Yes"
256,Active,Quercus agrifolia,Coast Live Oak,CAL Fire,2023-03-31,904 W Tefft St,35.029958,-120.497053,true,good,"FullCircle #: F99
Stock size: 15 gallon
Neighborhood: Nipomo
Census tract: 6079012402
Low income: No
Planting area: Open space
Distance to nearest building: 62 ft
Direction from building: E
Tagged: Yes
Mulched Jan 2023: Yes"
257,Active,Quercus tomentella,Island Oak,CAL Fire,2023-03-31,904 W Tefft St,35.029637,-120.497882,true,good,"Small tree, planted without stakes

FullCircle #: F100
Stock size: 15 gallon
Neighborhood: Nipomo
Census tract: 6079012402
Low income: No
Planting area: Open space
Distance to nearest building: 27 ft
Direction from building: SW
Tagged: Yes
Mulched Jan 2023: Yes"
258,Active,Quercus tomentella,Island Oak,CAL Fire,2023-03-31,904 W Tefft St,35.030953,-120.497663,true,good,"Watered by SLO County Parks

FullCircle #: F101
Stock size: 15 gallon
Neighborhood: Nipomo
Census tract: 6079012402
Low income: No
Planting area: Open space
Distance to nearest building: 142 ft
Direction from building: NW
Tagged: Yes
Mulched Jan 2023: Yes"
259,Active,Quercus tomentella,Island Oak,CAL Fire,2023-03-31,904 W Tefft St,35.031008,-120.497757,true,good,"Watered by SLO County Parks

FullCircle #: F102
Stock size: 15 gallon
Neighborhood: Nipomo
Census tract: 6079012402
Low income: No
Planting area: Open space
Distance to nearest building: 135 ft
Direction from building: NW
Tagged: Yes
Mulched Jan 2023: Yes"
260,Active,Quercus tomentella,Island Oak,CAL Fire,2023-03-31,904 W Tefft St,35.031051,-120.497813,true,good,"Watered by SLO County Parks

FullCircle #: F103
Stock size: 15 gallon
Neighborhood: Nipomo
Census tract: 6079012402
Low income: No
Planting area: Open space
Distance to nearest building: 109 ft
Direction from building: NW
Tagged: Yes
Mulched Jan 2023: Yes"
261,Active,Quercus tomentella,Island Oak,CAL Fire,2023-03-31,904 W Tefft St,35.031251,-120.498139,true,good,"Watered by SLO County Parks

FullCircle #: F104
Stock size: 15 gallon
Neighborhood: Nipomo
Census tract: 6079012402
Low income: No
Planting area: Open space
Distance to nearest building: 32 ft
Direction from building: SW
Tagged: Yes
Mulched Jan 2023: Yes"
262,Active,Hesperocyparis macrocarpa,Monterey cypress,CAL Fire,2023-04-01,5455 Windsor Blvd,35.56552778,-121.10775,true,good,"irrigated - watered by SLO County Parks

FullCircle #: F105
Stock size: 15 gallon
Neighborhood: Cambria
Census tract: 6079010403
Low income: No
Planting area: Open space
Distance to nearest building: 98 ft
Direction from building: S
Tagged: Yes
Mulched Jan 2023: Yes"
263,Active,Hesperocyparis macrocarpa,Monterey cypress,CAL Fire,2023-04-01,5455 Windsor Blvd,35.56555556,-121.10791667,true,good,"irrigated - watered by SLO County Parks

FullCircle #: F106
Stock size: 15 gallon
Neighborhood: Cambria
Census tract: 6079010403
Low income: No
Planting area: Open space
Distance to nearest building: 95 ft
Direction from building: S
Tagged: Yes
Mulched Jan 2023: Yes"
264,Active,Quercus agrifolia,Coast Live Oak,CAL Fire,2023-04-07,1751 Oceanaire Drive,35.25744,-120.68422,true,good,"Homeowner - very nice

FullCircle #: F107
Stock size: 15 gallon
Neighborhood: Oceanaire
Census tract: 6079011300
Low income: No
Planting area: Sidewalk well
Distance to nearest building: 43 ft
Direction from building: N
Tagged: Yes
Mulched Jan 2023: Yes"
265,Active,Robinia pseudoacacia,Black Locust,CAL Fire,2023-04-07,1745 Oceanaire Drive,35.25765,-120.68402,true,good,"Homeowner - very nice

FullCircle #: F108
Stock size: 15 gallon
Neighborhood: Oceanaire
Census tract: 6079011300
Low income: No
Planting area: Sidewalk well
Distance to nearest building: 19 ft
Direction from building: SW
Tagged: Yes
Mulched Jan 2023: Yes"
266,Active,Quercus lobata,Valley Oak,CAL Fire,2023-04-07,2430 Meadow st.,35.26719,-120.65805,false,good,"Homeowner - Cal Poly professor

FullCircle #: F109
Stock size: 15 gallon
Neighborhood: Mitchell
Census tract: 6079011103
Low income: No
Planting area: Sidewalk well
Distance to nearest building: 14 ft
Direction from building: E
Tagged: Yes
Mulched Jan 2023: Yes"
267,Active,Quercus wislizeni,Interior Live Oak,CAL Fire,2023-04-08,"State Highway 1 @, Dairy Creek Rd",35.3318201,-120.7314748,true,good,"FullCircle #: F110
Stock size: 15 gallon
Neighborhood: El Chorro Campground
Census tract: 6079011504
Low income: No
Planting area: Campgroud
Distance to nearest building: 228 ft
Direction from building: NE
Tagged: Yes
Mulched Jan 2023: Yes"
268,Active,Hesperocyparis macrocarpa,Monterey cypress,CAL Fire,2023-04-08,"State Highway 1 @, Dairy Creek Rd",35.3312665,-120.7305418,true,good,"FullCircle #: F111
Stock size: 15 gallon
Neighborhood: El Chorro Campground
Census tract: 6079011504
Low income: No
Planting area: Open Space
Distance to nearest building: 258 ft
Direction from building: SE
Tagged: Yes
Mulched Jan 2023: Yes"
269,Active,Hesperocyparis macrocarpa,Monterey cypress,CAL Fire,2023-04-08,"State Highway 1 @, Dairy Creek Rd",35.3312766,-120.7304475,true,good,"FullCircle #: F112
Stock size: 15 gallon
Neighborhood: El Chorro Campground
Census tract: 6079011504
Low income: No
Planting area: Open Space
Distance to nearest building: 236 ft
Direction from building: SE
Tagged: Yes
Mulched Jan 2023: Yes"
270,Active,Hesperocyparis macrocarpa,Monterey cypress,CAL Fire,2023-04-08,"State Highway 1 @, Dairy Creek Rd",35.3309711,-120.7307573,true,good,"FullCircle #: F113
Stock size: 15 gallon
Neighborhood: El Chorro Campground
Census tract: 6079011504
Low income: No
Planting area: Open Space
Distance to nearest building: 251 ft
Direction from building: SE
Tagged: Yes
Mulched Jan 2023: Yes"
271,Active,Hesperocyparis macrocarpa,Monterey cypress,CAL Fire,2023-04-08,"State Highway 1 @, Dairy Creek Rd",35.3314098,-120.7302906,true,good,"FullCircle #: F114
Stock size: 15 gallon
Neighborhood: El Chorro Campground
Census tract: 6079011504
Low income: No
Planting area: Open Space
Distance to nearest building: 275 ft
Direction from building: E
Tagged: Yes
Mulched Jan 2023: Yes"
272,Active,Quercus wislizeni,Interior Live Oak,CAL Fire,2023-04-08,"State Highway 1 @, Dairy Creek Rd",35.3315236,-120.7305538,true,good,"FullCircle #: F115
Stock size: 15 gallon
Neighborhood: El Chorro Campground
Census tract: 6079011504
Low income: No
Planting area: Campground
Distance to nearest building: 355 ft
Direction from building: NW
Tagged: No
Mulched Jan 2023: No"
275,Active,Cinnamomum camphora,Camphor,CAL Fire,2023-05-10,1331 Avalon St,35.2635939,-120.6891422,true,good,"FullCircle #: F118
Stock size: 15 gallon
Neighborhood: Oceanaire
Census tract: 6079011300
Low income: No
Planting area: Sidewalk well
Distance to nearest building: 31 ft
Direction from building: E
Tagged: Yes
Mulched Jan 2023: Yes"
276,Active,Quercus tomentella,Island Oak,CAL Fire,2023-05-10,682 Palm St,35.280165,-120.6674089,true,good,"Small tree, planted without stakes

FullCircle #: F119
Stock size: 15 gallon
Neighborhood: Downtown
Census tract: 6079011101
Low income: Yes
Planting area: Sidewalk well
Distance to nearest building: 64 ft
Direction from building: SE
Tagged: Yes
Mulched Jan 2023: Yes"
277,Active,Quercus suber,Cork Oak,CAL Fire,2023-05-20,1401 San Luis Bay Dr,35.19276,-120.71472,false,good,"FullCircle #: F120
Stock size: 15 gallon
Neighborhood: Bellevue
Census tract: 6079011600
Low income: No
Planting area: Open Space
Distance to nearest building: 39 ft
Direction from building: NE
Tagged: Yes
Mulched Jan 2023: Yes"
278,Active,Quercus suber,Cork Oak,CAL Fire,2023-05-20,1401 San Luis Bay Dr,35.19275,-120.71455,false,good,"FullCircle #: F121
Stock size: 15 gallon
Neighborhood: Bellevue
Census tract: 6079011600
Low income: No
Planting area: Open Space
Distance to nearest building: 19 ft
Direction from building: N
Tagged: Yes
Mulched Jan 2023: Yes"
279,Active,Quercus suber,Cork Oak,CAL Fire,2023-05-20,1401 San Luis Bay Dr,35.193509,-120.7145977,false,good,"FullCircle #: F122
Stock size: 15 gallon
Neighborhood: Bellevue
Census tract: 6079011600
Low income: No
Planting area: Open Space
Distance to nearest building: 13 ft
Direction from building: S
Tagged: Yes
Mulched Jan 2023: Yes"
280,Active,Quercus suber,Cork Oak,CAL Fire,2023-05-20,1401 San Luis Bay Dr,35.193652,-120.7146081,false,good,"FullCircle #: F123
Stock size: 15 gallon
Neighborhood: Bellevue
Census tract: 6079011600
Low income: No
Planting area: Open Space
Distance to nearest building: 64 ft
Direction from building: S
Tagged: Yes
Mulched Jan 2023: Yes"
281,Active,Quercus wislizeni,Interior Live Oak,CAL Fire,2023-05-20,1401 San Luis Bay Dr,35.1938564,-120.7143436,false,good,"FullCircle #: F124
Stock size: 15 gallon
Neighborhood: Bellevue
Census tract: 6079011600
Low income: No
Planting area: Open Space
Distance to nearest building: 57 ft
Direction from building: W
Tagged: Yes
Mulched Jan 2023: Yes"
283,Active,Hesperocyparis macrocarpa,Monterey cypress,TBID,2023-06-03,900 Southwood Dr,35.2676642,-120.6470761,true,good,"Jeff lives nearby and checks on the trees once a week (lavenderlists@yahoo.com)

Stock size: 15 gallon
Neighborhood: Sinsheimer
Census tract: 6079011001
Low income: No
Planting area: Open Space
Distance to nearest building: 114 ft
Direction from building: SE
Tagged: Yes
Mulched Jan 2023: Yes"
284,Active,Quercus suber,Cork Oak,TBID,2023-06-03,900 Southwood Dr,35.2674795,-120.647122,true,good,"Jeff lives nearby and checks on the trees once a week (lavenderlists@yahoo.com)

Stock size: 15 gallon
Neighborhood: Sinsheimer
Census tract: 6079011001
Low income: No
Planting area: Open Space
Distance to nearest building: 55 ft
Direction from building: SE
Tagged: Yes
Mulched Jan 2023: Yes"
285,Active,Quercus suber,Cork Oak,TBID,2023-06-03,900 Southwood Dr,35.2674088,-120.6471385,true,good,"Jeff lives nearby and checks on the trees once a week (lavenderlists@yahoo.com)

Stock size: 15 gallon
Neighborhood: Sinsheimer
Census tract: 6079011001
Low income: No
Planting area: Open Space
Distance to nearest building: 47 ft
Direction from building: SE
Tagged: Yes
Mulched Jan 2023: Yes"
286,Active,Quercus suber,Cork Oak,TBID,2023-06-03,900 Southwood Dr,35.2673139,-120.6472501,true,good,"Jeff lives nearby and checks on the trees once a week (lavenderlists@yahoo.com)

Stock size: 15 gallon
Neighborhood: Sinsheimer
Census tract: 6079011001
Low income: No
Planting area: Open Space
Distance to nearest building: 70 ft
Direction from building: E
Tagged: Yes
Mulched Jan 2023: Yes"
287,Active,Quercus suber,Cork Oak,TBID,2023-06-03,900 Southwood Dr,35.2671236,-120.6474801,true,good,"Jeff lives nearby and checks on the trees once a week (lavenderlists@yahoo.com)

Stock size: 15 gallon
Neighborhood: Sinsheimer
Census tract: 6079011001
Low income: No
Planting area: Open Space
Distance to nearest building: 162 ft
Direction from building: NE
Tagged: Yes
Mulched Jan 2023: Yes
Immediate needs: Some dying canopy 10/30"
288,Active,Quercus suber,Cork Oak,TBID,2023-06-03,900 Southwood Dr,35.266964,-120.6475012,true,good,"Jeff lives nearby and checks on the trees once a week (lavenderlists@yahoo.com)

Stock size: 15 gallon
Neighborhood: Sinsheimer
Census tract: 6079011001
Low income: No
Planting area: Open Space
Distance to nearest building: 196 ft
Direction from building: NE
Tagged: Yes
Mulched Jan 2023: Yes"
289,Active,Quercus suber,Cork Oak,TBID,2023-06-03,900 Southwood Dr,35.2670801,-120.6473976,true,good,"Jeff lives nearby and checks on the trees once a week (lavenderlists@yahoo.com)

Stock size: 15 gallon
Neighborhood: Sinsheimer
Census tract: 6079011001
Low income: No
Planting area: Open Space
Distance to nearest building: 145 ft
Direction from building: NE
Tagged: Yes
Mulched Jan 2023: Yes"
290,Active,Quercus suber,Cork Oak,TBID,2023-06-03,900 Southwood Dr,35.2671721,-120.6472796,true,good,"Jeff lives nearby and checks on the trees once a week (lavenderlists@yahoo.com)

Stock size: 15 gallon
Neighborhood: Sinsheimer
Census tract: 6079011001
Low income: No
Planting area: Open Space
Distance to nearest building: 95 ft
Direction from building: NE
Tagged: Yes
Mulched Jan 2023: Yes"
292,Active,Quercus suber,Cork Oak,TBID,2023-06-03,900 Southwood Dr,35.26799,-120.6473708,true,good,"Jeff lives nearby and checks on the trees once a week (lavenderlists@yahoo.com)

Stock size: 15 gallon
Neighborhood: Sinsheimer
Census tract: 6079011001
Low income: No
Planting area: Open Space
Distance to nearest building: 233 ft
Direction from building: NE
Tagged: Yes
Mulched Jan 2023: Yes"
295,Active,Pistacia chinensis,Chinese Pistache,TBID,2023-12-02,1020 Southwood Dr,35.2662416,-120.6438263,true,good,"White Heron Sangha is checking on the trees and taking care of them (srippner@msn.com)

Stock size: 15 gallon
Neighborhood: Johnson
Census tract: 6079011001
Low income: No
Planting area: Open Space
Distance to nearest building: 67 ft
Direction from building: S
Tagged: Yes
Mulched Jan 2023: Yes"
296,Active,Cinnamomum camphora,Camphor,TBID,2023-12-02,1020 Southwood Dr,35.2662531,-120.6439202,true,good,"White Heron Sangha is checking on the trees and taking care of them (srippner@msn.com)

Stock size: 15 gallon
Neighborhood: Johnson
Census tract: 6079011001
Low income: No
Planting area: Open Space
Distance to nearest building: 73 ft
Direction from building: S
Tagged: Yes
Mulched Jan 2023: Yes"
297,Active,Pistacia chinensis,Chinese Pistache,TBID,2023-12-02,1020 Southwood Dr,35.2663092,-120.6439654,true,good,"White Heron Sangha is checking on the trees and taking care of them (srippner@msn.com)

Stock size: 15 gallon
Neighborhood: Johnson
Census tract: 6079011001
Low income: No
Planting area: Open Space
Distance to nearest building: 90 ft
Direction from building: S
Tagged: Yes
Mulched Jan 2023: Yes"
298,Active,Robinia pseudoacacia,Purple Robe,TBID,2023-12-02,1020 Southwood Dr,35.2663733,-120.6439755,true,good,"White Heron Sangha is checking on the trees and taking care of them (srippner@msn.com)

Stock size: 15 gallon
Neighborhood: Johnson
Census tract: 6079011001
Low income: No
Planting area: Open Space
Distance to nearest building: 115 ft
Direction from building: S
Tagged: Yes
Mulched Jan 2023: Yes"
299,Active,Ulmus parvifolia ‘Drake’,Drake Elm,TBID,2023-12-02,1020 Southwood Dr,35.2665153,-120.6438782,true,good,"White Heron Sangha is checking on the trees and taking care of them (srippner@msn.com)

Stock size: 15 gallon
Neighborhood: Johnson
Census tract: 6079011001
Low income: No
Planting area: Open Space
Distance to nearest building: 116 ft
Direction from building: E
Tagged: Yes
Mulched Jan 2023: Yes"
300,Active,Robinia pseudoacacia,Purple Robe,TBID,2023-12-02,1020 Southwood Dr,35.2665865,-120.643843,true,good,"White Heron Sangha is checking on the trees and taking care of them (srippner@msn.com)

Stock size: 15 gallon
Neighborhood: Johnson
Census tract: 6079011001
Low income: No
Planting area: Open Space
Distance to nearest building: 100 ft
Direction from building: E
Tagged: Yes
Mulched Jan 2023: Yes"
301,Active,Ulmus parvifolia ‘Drake’,Drake Elm,TBID,2023-12-02,1020 Southwood Dr,35.2667461,-120.6437971,true,good,"White Heron Sangha is checking on the trees and taking care of them (srippner@msn.com)

Stock size: 15 gallon
Neighborhood: Johnson
Census tract: 6079011001
Low income: No
Planting area: Open Space
Distance to nearest building: 109 ft
Direction from building: SE
Tagged: Yes
Mulched Jan 2023: Yes"
302,Active,Pistacia chinensis,Chinese Pistache,TBID,2023-12-02,1020 Southwood Dr,35.2668581,-120.6437703,true,good,"White Heron Sangha is checking on the trees and taking care of them (srippner@msn.com)

Stock size: 15 gallon
Neighborhood: Johnson
Census tract: 6079011001
Low income: No
Planting area: Open Space
Distance to nearest building: 132 ft
Direction from building: NE
Tagged: Yes
Mulched Jan 2023: Yes"
303,Active,Ulmus parvifolia ‘Drake’,Drake Elm,TBID,2023-12-02,1020 Southwood Dr,35.2666834,-120.6437083,true,good,"White Heron Sangha is checking on the trees and taking care of them (srippner@msn.com)

Stock size: 15 gallon
Neighborhood: Johnson
Census tract: 6079011001
Low income: No
Planting area: Open Space
Distance to nearest building: 68 ft
Direction from building: SE
Tagged: Yes
Mulched Jan 2023: Yes"
304,Active,Pistacia chinensis,Chinese Pistache,TBID,2023-12-02,1020 Southwood Dr,35.2666755,-120.6436033,true,good,"White Heron Sangha is checking on the trees and taking care of them (srippner@msn.com)

Stock size: 15 gallon
Neighborhood: Johnson
Census tract: 6079011001
Low income: No
Planting area: Open Space
Distance to nearest building: 52 ft
Direction from building: SE
Tagged: Yes
Mulched Jan 2023: Yes"
305,Active,Robinia pseudoacacia,Purple Robe,TBID,2023-12-02,1020 Southwood Dr,35.2672213,-120.6435852,true,good,"White Heron Sangha is checking on the trees and taking care of them (srippner@msn.com)

Stock size: 15 gallon
Neighborhood: Johnson
Census tract: 6079011001
Low income: No
Planting area: Open Space
Distance to nearest building: 28 ft
Direction from building: SE
Tagged: Yes
Mulched Jan 2023: Yes"
306,Active,Pistacia chinensis,Chinese Pistache,TBID,2023-12-02,1020 Southwood Dr,35.267275,-120.6435513,true,good,"White Heron Sangha is checking on the trees and taking care of them (srippner@msn.com)

Stock size: 15 gallon
Neighborhood: Johnson
Census tract: 6079011001
Low income: No
Planting area: Open Space
Distance to nearest building: 36 ft
Direction from building: SE
Tagged: Yes
Mulched Jan 2023: Yes"
307,Active,Cinnamomum camphora,Camphor,TBID,2023-12-02,1020 Southwood Dr,35.2673727,-120.6434588,true,good,"White Heron Sangha is checking on the trees and taking care of them (srippner@msn.com)

Stock size: 15 gallon
Neighborhood: Johnson
Census tract: 6079011001
Low income: No
Planting area: Open Space
Distance to nearest building: 58 ft
Direction from building: S
Tagged: Yes
Mulched Jan 2023: Yes"
308,Active,Ulmus parvifolia ‘Drake’,Drake Elm,TBID,2023-12-02,1020 Southwood Dr,35.2674975,-120.6433089,true,good,"White Heron Sangha is checking on the trees and taking care of them (srippner@msn.com)

Stock size: 15 gallon
Neighborhood: Johnson
Census tract: 6079011001
Low income: No
Planting area: Open Space
Distance to nearest building: 200 ft
Direction from building: NE
Tagged: Yes
Mulched Jan 2023: Yes"
309,Active,Robinia pseudoacacia,Purple Robe,TBID,2023-12-02,1020 Southwood Dr,35.2675304,-120.6432992,true,good,"White Heron Sangha is checking on the trees and taking care of them (srippner@msn.com)

Stock size: 15 gallon
Neighborhood: Johnson
Census tract: 6079011001
Low income: No
Planting area: Open Space
Distance to nearest building: 150 ft
Direction from building: NE
Tagged: Yes
Mulched Jan 2023: Yes"
310,Active,Ulmus parvifolia ‘Drake’,Drake Elm,TBID,2023-12-02,1020 Southwood Dr,35.2676292,-120.6431577,true,good,"White Heron Sangha is checking on the trees and taking care of them (srippner@msn.com)

Stock size: 15 gallon
Neighborhood: Johnson
Census tract: 6079011001
Low income: No
Planting area: Open Space
Distance to nearest building: 115 ft
Direction from building: NE
Tagged: Yes
Mulched Jan 2023: Yes"
311,Active,Platanus racemosa multi,California sycamore,City of SLO,2026-02-10,"1020 Southwood Dr, San Luis Obispo, CA 93401",35.2675123,-120.6431819,true,good,"This was a replanting

Next mulching due date: 2027-02-10 00:00:00"
312,Active,Cinnamomum camphora,Camphor,TBID,2023-12-02,1020 Southwood Dr,35.2676807,-120.6429924,true,good,"White Heron Sangha is checking on the trees and taking care of them (srippner@msn.com)

Stock size: 15 gallon
Neighborhood: Johnson
Census tract: 6079011001
Low income: No
Planting area: Open Space
Distance to nearest building: 80 ft
Direction from building: N
Tagged: Yes
Mulched Jan 2023: Yes"
313,Active,Pistacia chinensis,Chinese Pistache,TBID,2023-12-02,1020 Southwood Dr,35.2677732,-120.6431296,true,good,"White Heron Sangha is checking on the trees and taking care of them (srippner@msn.com)

Stock size: 15 gallon
Neighborhood: Johnson
Census tract: 6079011001
Low income: No
Planting area: Open Space
Distance to nearest building: 58 ft
Direction from building: N
Tagged: Yes
Mulched Jan 2023: Yes"
314,Active,Robinia pseudoacacia,Purple Robe,TBID,2023-12-02,1020 Southwood Dr,35.2677535,-120.6430605,true,good,"White Heron Sangha is checking on the trees and taking care of them (srippner@msn.com)

Stock size: 15 gallon
Neighborhood: Johnson
Census tract: 6079011001
Low income: No
Planting area: Open Space
Distance to nearest building: 58 ft
Direction from building: N
Tagged: Yes
Mulched Jan 2023: Yes"
315,Active,Ulmus parvifolia ‘Drake’,Drake Elm,TBID,2023-12-02,1020 Southwood Dr,35.2677343,-120.642973,true,good,"White Heron Sangha is checking on the trees and taking care of them (srippner@msn.com)

Stock size: 15 gallon
Neighborhood: Johnson
Census tract: 6079011001
Low income: No
Planting area: Open Space
Distance to nearest building: 69 ft
Direction from building: N
Tagged: Yes
Mulched Jan 2023: Yes"
316,Active,Robinia pseudoacacia,Purple Robe,TBID,2023-12-02,1020 Southwood Dr,35.2676894,-120.6428329,true,good,"White Heron Sangha is checking on the trees and taking care of them (srippner@msn.com)

Stock size: 15 gallon
Neighborhood: Johnson
Census tract: 6079011001
Low income: No
Planting area: Open Space
Distance to nearest building: 72 ft
Direction from building: NW
Tagged: Yes
Mulched Jan 2023: Yes"
317,Active,Pistacia chinensis,Chinese Pistache,TBID,2023-12-02,1020 Southwood Dr,35.2676667,-120.6427494,true,good,"White Heron Sangha is checking on the trees and taking care of them (srippner@msn.com)

Stock size: 15 gallon
Neighborhood: Johnson
Census tract: 6079011001
Low income: No
Planting area: Open Space
Distance to nearest building: 102 ft
Direction from building: NW
Tagged: Yes
Mulched Jan 2023: Yes"
318,Active,Ulmus parvifolia ‘Drake’,Drake Elm,TBID,2023-12-02,1020 Southwood Dr,35.2676265,-120.6426736,true,good,"White Heron Sangha is checking on the trees and taking care of them (srippner@msn.com)

Stock size: 15 gallon
Neighborhood: Johnson
Census tract: 6079011001
Low income: No
Planting area: Open Space
Distance to nearest building: 86 ft
Direction from building: NE
Tagged: Yes
Mulched Jan 2023: Yes"
319,Active,Chitalpa x taskentensis,Morning Cloud,City of SLO,2026-02-10,"1020 Southwood Dr, San Luis Obispo, CA 93401",35.2676084,-120.6425636,true,good,"This was a replanting

Next mulching due date: 2027-02-10 00:00:00"
320,Active,Robinia pseudoacacia,Purple Robe,TBID,2023-12-02,1020 Southwood Dr,35.2675912,-120.6424996,true,good,"White Heron Sangha is checking on the trees and taking care of them (srippner@msn.com)

Stock size: 15 gallon
Neighborhood: Johnson
Census tract: 6079011001
Low income: No
Planting area: Open Space
Distance to nearest building: 76 ft
Direction from building: NE
Tagged: Yes
Mulched Jan 2023: Yes"
321,Active,Ulmus parvifolia ‘Drake’,Drake Elm,TBID,2023-12-02,1020 Southwood Dr,35.2675608,-120.6423682,true,good,"White Heron Sangha is checking on the trees and taking care of them (srippner@msn.com)

Stock size: 15 gallon
Neighborhood: Johnson
Census tract: 6079011001
Low income: No
Planting area: Open Space
Distance to nearest building: 54 ft
Direction from building: SE
Tagged: Yes
Mulched Jan 2023: Yes"
322,Active,Quercus Rugosa,Netleaf Oak,LOCAC,2025-11-18,"1189 Los Osos Valley Rd, Baywood-Los Osos, CA 93402",35.3104039,-120.8300631,true,good,"This was a replanting, replaced dead Cal Fire trees"
323,Active,Quercus Rugosa,Netleaf Oak,LOCAC,2025-11-18,"1189 Los Osos Valley Rd, Baywood-Los Osos, CA 93402",35.310469,-120.8300474,true,good,"This was a replanting, replaced dead Cal Fire trees"
324,Active,Quercus Rugosa,Netleaf Oak,LOCAC,2025-11-18,"1189 Los Osos Valley Rd, Baywood-Los Osos, CA 93402",35.310576,-120.8300235,true,good,"This was a replanting, replaced dead Cal Fire trees"
325,Active,Quercus agrifolia,Coast Live Oak,CAL Fire,2024-03-16,1330 Van Beurden Dr,35.3094772,-120.8257595,false,good,"Stock size: 15 gallon
Neighborhood: Los Osos
Census tract: 6079010703
Low income: Yes
Planting area: Open Space
Distance to nearest building: 140 ft
Direction from building: SW
Tagged: Yes
Mulched Jan 2023: Yes"
326,Active,Robinia pseudoacacia,Black Locust,CAL Fire,2024-03-16,1330 Van Beurden Dr,35.3095092,-120.8256982,false,good,"Stock size: 15 gallon
Neighborhood: Los Osos
Census tract: 6079010703
Low income: Yes
Planting area: Open Space
Distance to nearest building: 165 ft
Direction from building: W
Tagged: Yes
Mulched Jan 2023: Yes"
327,Active,Cinnamomum camphora,Camphor,CAL Fire,2024-03-16,1330 Van Beurden Dr,35.3096176,-120.8256301,false,good,"Stock size: 15 gallon
Neighborhood: Los Osos
Census tract: 6079010703
Low income: Yes
Planting area: Open Space
Distance to nearest building: 112 ft
Direction from building: NW
Tagged: Yes
Mulched Jan 2023: Yes"
328,Active,Arbutus 'Marina' Standard,Marina Strawberry Tree,LOCAC,2025-11-18,"1189 Los Osos Valley Rd, Baywood-Los Osos, CA 93402",35.3106991,-120.8297543,true,good,"This was a replanting, replaced dead Cal Fire trees"
329,Active,Arbutus 'Marina' Standard,Marina Strawberry Tree,LOCAC,2025-11-18,"1189 Los Osos Valley Rd, Baywood-Los Osos, CA 93402",35.310698,-120.8296648,true,good,"This was a replanting, replaced dead Cal Fire trees"
330,Active,Arbutus 'Marina' Standard,Marina Strawberry Tree,LOCAC,2025-11-18,"1189 Los Osos Valley Rd, Baywood-Los Osos, CA 93402",35.3106829,-120.8295786,true,good,"This was a replanting, replaced dead Cal Fire trees"
331,Active,Metrosideros Excelsa,New Zealand Christmas Tree,LOCAC,2025-11-18,"1189 Los Osos Valley Rd, Baywood-Los Osos, CA 93402",35.3105125,-120.8291787,true,good,"This was a replanting, replaced dead Cal Fire trees"
332,Active,Quercus agrifolia,Coast Live Oak,CAL Fire,2024-03-16,1330 Van Beurden Dr,35.3101467,-120.8259959,false,good,"Stock size: 15 gallon
Neighborhood: Los Osos
Census tract: 6079010703
Low income: Yes
Planting area: Open Space
Distance to nearest building: 10 ft
Direction from building: E
Tagged: Yes
Mulched Jan 2023: Yes"
333,Active,Quercus agrifolia,Coast Live Oak,CAL Fire,2024-03-16,1330 Van Beurden Dr,35.3100944,-120.8259841,false,good,"Stock size: 15 gallon
Neighborhood: Los Osos
Census tract: 6079010703
Low income: Yes
Planting area: Open Space
Distance to nearest building: 10 ft
Direction from building: E
Tagged: Yes
Mulched Jan 2023: Yes"
334,Active,Quercus suber,Cork Oak,CAL Fire,2024-03-16,1330 Van Beurden Dr,35.3102706,-120.8263727,false,good,"Stock size: 15 gallon
Neighborhood: Los Osos
Census tract: 6079010703
Low income: Yes
Planting area: Open Space
Distance to nearest building: 125 ft
Direction from building: SE
Tagged: Yes
Mulched Jan 2023: Yes"
335,Active,Quercus suber,Cork Oak,CAL Fire,2024-03-16,1330 Van Beurden Dr,35.3102632,-120.8264069,false,good,"Stock size: 15 gallon
Neighborhood: Los Osos
Census tract: 6079010703
Low income: Yes
Planting area: Open Space
Distance to nearest building: 135 ft
Direction from building: SE
Tagged: Yes
Mulched Jan 2023: Yes"
336,Active,Quercus suber,Cork Oak,CAL Fire,2024-03-16,1330 Van Beurden Dr,35.3102074,-120.826415,false,good,"Stock size: 15 gallon
Neighborhood: Los Osos
Census tract: 6079010703
Low income: Yes
Planting area: Open Space
Distance to nearest building: 130 ft
Direction from building: SE
Tagged: Yes
Mulched Jan 2023: Yes"
337,Active,Quercus suber,Cork Oak,CAL Fire,2024-03-16,1330 Van Beurden Dr,35.3102252,-120.8264804,false,good,"Stock size: 15 gallon
Neighborhood: Los Osos
Census tract: 6079010703
Low income: Yes
Planting area: Open Space
Distance to nearest building: 130 ft
Direction from building: S
Tagged: Yes
Mulched Jan 2023: Yes"
338,Active,Quercus agrifolia,Coast Live Oak,CAL Fire,2024-03-16,1330 Van Beurden Dr,35.310237,-120.8265377,false,good,"Stock size: 15 gallon
Neighborhood: Los Osos
Census tract: 6079010703
Low income: Yes
Planting area: Open Space
Distance to nearest building: 125 ft
Direction from building: S
Tagged: Yes
Mulched Jan 2023: Yes"
340,Active,Quercus agrifolia,Coast Live Oak,CAL Fire,2024-03-16,"1330 Van Beurden Dr, LO",35.3102055,-120.826478,false,good,"Stock size: 15 gallon
Neighborhood: Los Osos
Census tract: 6079010703
Low income: Yes
Planting area: Open Space
Distance to nearest building: 120 ft
Direction from building: S
Tagged: Yes
Mulched Jan 2023: Yes"
342,Active,Quercus lobata,Valley Oak,CAL Fire,2024-03-28,2400 Loomis St,35.29275,-120.64434,true,good,"Stock size: 15 gallon
Neighborhood: Cuesta Park
Census tract: 6079011103
Low income: Yes
Planting area: Open Space
Distance to nearest building: 95 ft
Direction from building: N
Tagged: Yes
Mulched Jan 2023: Yes"
343,Active,Quercus lobata,Valley Oak,CAL Fire,2024-03-28,2400 Loomis St,35.29346,-120.64426,true,good,"Stock size: 15 gallon
Neighborhood: Cuesta Park
Census tract: 6079011103
Low income: Yes
Planting area: Open Space
Distance to nearest building: 270 ft
Direction from building: SW
Tagged: Yes
Mulched Jan 2023: Yes"
344,Active,Quercus wislizeni,Interior Live Oak,CAL Fire,2024-03-28,2400 Loomis St,35.29383,-120.64414,true,good,"Stock size: 15 gallon
Neighborhood: Cuesta Park
Census tract: 6079011103
Low income: Yes
Planting area: Open Space
Distance to nearest building: 221 ft
Direction from building: SW
Tagged: Yes
Mulched Jan 2023: Yes"
345,Active,Quercus wislizeni,Interior Live Oak,CAL Fire,2024-03-28,2400 Loomis St,35.29427,-120.64359,true,good,"Stock size: 15 gallon
Neighborhood: Cuesta Park
Census tract: 6079011103
Low income: Yes
Planting area: Open Space
Distance to nearest building: 247 ft
Direction from building: S
Tagged: Yes
Mulched Jan 2023: Yes"
346,Active,Cinnamomum camphora,Camphor,CAL Fire,2024-06-01,2251 Meadow St,35.26826,-120.65855,true,good,"Stock size: 15 gallon
Neighborhood: Meadow Park
Census tract: 6079011103
Low income: Yes
Planting area: Open Space
Distance to nearest building: 45 ft
Direction from building: N
Tagged: Yes
Mulched Jan 2023: Yes"
347,Active,Quercus lobata,Valley Oak,CAL Fire,2024-06-01,2251 Meadow St,35.2678,-120.65828,true,good,"Stock size: 15 gallon
Neighborhood: Meadow Park
Census tract: 6079011103
Low income: Yes
Planting area: Open Space
Distance to nearest building: 111 ft
Direction from building: S
Tagged: Yes
Mulched Jan 2023: Yes"
348,Active,Quercus wislizeni,Interior Live Oak,CAL Fire,2024-06-01,2251 Meadow St,35.2676,-120.65823,true,good,"Stock size: 15 gallon
Neighborhood: Meadow Park
Census tract: 6079011103
Low income: Yes
Planting area: Open Space
Distance to nearest building: 99 ft
Direction from building: S
Tagged: Yes
Mulched Jan 2023: Yes"
349,Active,Quercus wislizeni,Interior Live Oak,CAL Fire,2024-06-01,2251 Meadow St,35.26838,-120.65967,true,good,"Stock size: 15 gallon
Neighborhood: Meadow Park
Census tract: 6079011103
Low income: Yes
Planting area: Open Space
Distance to nearest building: 91 ft
Direction from building: N
Tagged: Yes
Mulched Jan 2023: Yes"
350,Active,Jacaranda mimosifolia,Jacaranda,City of SLO,2026-02-24,"Meadow Park, San Luis Obispo, CA 93401",35.26797,-120.65951,true,good,"Meadow Park Tree Replacement

Next mulching due date: 2027-02-24 00:00:00"
351,Active,Quercus lobata,Valley Oak,CAL Fire,2024-06-01,2251 Meadow St,35.26844,-120.65914,true,good,"Stock size: 15 gallon
Neighborhood: Meadow Park
Census tract: 6079011103
Low income: Yes
Planting area: Open Space
Distance to nearest building: 120 ft
Direction from building: N
Tagged: Yes
Mulched Jan 2023: Yes"
352,Active,Quercus lobata,Valley Oak,CAL Fire,2024-06-01,2251 Meadow St,35.2677,-120.66292,true,good,"Stock size: 15 gallon
Neighborhood: Meadow Park
Census tract: 6079011103
Low income: Yes
Planting area: Open Space
Distance to nearest building: 56 ft
Direction from building: N
Tagged: Yes
Mulched Jan 2023: Yes"
353,Active,Quercus wislizeni,Interior Live Oak,CAL Fire,2024-06-01,2251 Meadow St,35.26752,-120.66306,true,good,"Stock size: 15 gallon
Neighborhood: Meadow Park
Census tract: 6079011103
Low income: Yes
Planting area: Open Space
Distance to nearest building: 35 ft
Direction from building: N
Tagged: Yes
Mulched Jan 2023: Yes"
354,Active,Quercus Virginiana,Live Oak,City of SLO,2026-03-26,"Meadow Park, San Luis Obispo, CA 93403",35.267927,-120.663189,true,good,"Meadow Park Tree Replacement

Next mulching due date: 2027-03-26 00:00:00"
355,Active,Brachychiton,Austrailian Flame,City Of SLO,2026-03-03,"Meadow Park, San Luis Obispo, CA 93402",35.26793,-120.66342,true,good,"Meadow Park Tree Replacement

Next mulching due date: 2027-03-03 00:00:00"
356,Active,Quercus wislizeni,Interior Live Oak,CAL Fire,2024-06-01,2251 Meadow St,35.26755,-120.66329,true,good,"Stock size: 15 gallon
Neighborhood: Meadow Park
Census tract: 6079011103
Low income: Yes
Planting area: Open Space
Distance to nearest building: 88 ft
Direction from building: S
Tagged: Yes
Mulched Jan 2023: Yes"
357,Active,Elaeocarpus decipiens,Japanese Blueberry Tree,City of SLO,2026-03-26,"Meadow Park, San Luis Obispo, CA 93405",35.267873,-120.66345,true,good,"Meadow Park Tree Replacement

Next mulching due date: 2027-03-26 00:00:00"
358,Active,Cinnamomum camphora,Camphor,CAL Fire,2024-06-01,2251 Meadow St,35.26786,-120.65949,true,good,"Stock size: 15 gallon
Neighborhood: Meadow Park
Census tract: 6079011103
Low income: Yes
Planting area: Open Space
Distance to nearest building: 164 ft
Direction from building: NW
Tagged: Yes
Mulched Jan 2023: Yes"
359,Active,Hymenosporum flavum,Sweetshade,City of SLO,2026-02-26,"Meadow Park, San Luis Obispo, CA 93402",35.26798,-120.65963,true,good,"Meadow Park Tree Replacement

Next mulching due date: 2027-02-26 00:00:00"
360,Active,Robinia pseudoacacia,Purple Robe,CAL Fire,2024-06-01,2251 Meadow St,35.26838,-120.65946,true,good,"Stock size: 15 gallon
Neighborhood: Meadow Park
Census tract: 6079011103
Low income: Yes
Planting area: Open Space
Distance to nearest building: 164 ft
Direction from building: W
Tagged: Yes
Mulched Jan 2023: Yes"
361,Active,Quercus wislizeni,Interior Live Oak,CAL Fire,2024-06-01,2251 Meadow St,35.26782,-120.66222,true,good,"Stock size: 15 gallon
Neighborhood: Meadow Park
Census tract: 6079011103
Low income: Yes
Planting area: Open Space
Distance to nearest building: 200 ft
Direction from building: W
Tagged: Yes
Mulched Jan 2023: Yes"
362,Active,Quercus lobata,Valley Oak,CAL Fire,2024-06-01,2251 Meadow St,35.26782,-120.66336,true,good,"Stock size: 15 gallon
Neighborhood: Meadow Park
Census tract: 6079011103
Low income: Yes
Planting area: Open Space
Distance to nearest building: 177 ft
Direction from building: W
Tagged: Yes
Mulched Jan 2023: Yes"
363,Active,Cinnamomum camphora,Camphor,CAL Fire,2024-06-01,2251 Meadow St,35.26844,-120.65914,true,good,"Stock size: 15 gallon
Neighborhood: Meadow Park
Census tract: 6079011103
Low income: Yes
Planting area: Open Space
Distance to nearest building: 59 ft
Direction from building: E
Tagged: Yes
Mulched Jan 2023: Yes"
364,Active,Cinnamomum camphora,Camphor,CAL Fire,2024-06-01,2251 Meadow St,35.26777,-120.6647,true,good,"Stock size: 15 gallon
Neighborhood: Meadow Park
Census tract: 6079011103
Low income: Yes
Planting area: Open Space
Distance to nearest building: 73 ft
Direction from building: W
Tagged: Yes
Mulched Jan 2023: Yes"
365,Active,Quercus lobata,Valley Oak,CAL Fire,2024-06-01,2251 Meadow St,35.26748,-120.66403,true,good,"Stock size: 15 gallon
Neighborhood: Meadow Park
Census tract: 6079011103
Low income: Yes
Planting area: Open Space
Distance to nearest building: 95 ft
Direction from building: W
Tagged: Yes
Mulched Jan 2023: Yes"
366,Active,Quercus suber,Cork Oak,CAL Fire,2024-06-01,2251 Meadow St,35.26753,-120.6605,true,good,"Stock size: 15 gallon
Neighborhood: Meadow Park
Census tract: 6079011103
Low income: Yes
Planting area: Open Space
Distance to nearest building: 92 ft
Direction from building: W
Tagged: Yes
Mulched Jan 2023: Yes"
370,Active,Quercus Virginiana,Live Oak,City of SLO,2026-03-26,"Meadow Park, San Luis Obispo, CA 93404",35.267888,-120.662933,true,good,"Meadow Park Tree Replacement

Next mulching due date: 2027-03-26 00:00:00"
372,Active,Robinia pseudoacacia,Purple Robe,CAL Fire,2024-03-23,680 Industrial Way,35.25105,-120.64498,true,good,"Stock size: 15 gallon
Neighborhood: Damon Garcia
Census tract: 6079011103
Low income: Yes
Planting area: Open Space
Distance to nearest building: 162 ft
Direction from building: S
Tagged: Yes
Mulched Jan 2023: Yes"
373,Active,Robinia pseudoacacia,Purple Robe,CAL Fire,2024-03-23,680 Industrial Way,35.2511,-120.64492,true,good,"Stock size: 15 gallon
Neighborhood: Damon Garcia
Census tract: 6079011103
Low income: Yes
Planting area: Open Space
Distance to nearest building: 177 ft
Direction from building: S
Tagged: Yes
Mulched Jan 2023: Yes"
374,Active,Robinia pseudoacacia,Purple Robe,CAL Fire,2024-03-23,680 Industrial Way,35.25123,-120.64495,true,good,"Stock size: 15 gallon
Neighborhood: Damon Garcia
Census tract: 6079011103
Low income: Yes
Planting area: Open Space
Distance to nearest building: 150 ft
Direction from building: NE
Tagged: Yes
Mulched Jan 2023: Yes"
375,Active,Cinnamomum camphora,Camphor,CAL Fire,2024-03-23,680 Industrial Way,35.25129,-120.64495,true,good,"Stock size: 15 gallon
Neighborhood: Damon Garcia
Census tract: 6079011103
Low income: Yes
Planting area: Open Space
Distance to nearest building: 138 ft
Direction from building: NE
Tagged: Yes
Mulched Jan 2023: Yes"
376,Active,Cinnamomum camphora,Camphor,CAL Fire,2024-03-23,680 Industrial Way,35.25137,-120.64501,true,good,"Stock size: 15 gallon
Neighborhood: Damon Garcia
Census tract: 6079011103
Low income: Yes
Planting area: Open Space
Distance to nearest building: 114 ft
Direction from building: NE
Tagged: Yes
Mulched Jan 2023: Yes"
377,Active,Quercus lobata,Valley Oak,CAL Fire,2024-03-23,680 Industrial Way,35.2514,-120.64508,true,good,"Stock size: 15 gallon
Neighborhood: Damon Garcia
Census tract: 6079011103
Low income: Yes
Planting area: Open Space
Distance to nearest building: 88 ft
Direction from building: NE
Tagged: Yes
Mulched Jan 2023: Yes"
378,Active,Quercus lobata,Valley Oak,CAL Fire,2024-03-23,680 Industrial Way,35.25153,-120.64507,true,good,"Stock size: 15 gallon
Neighborhood: Damon Garcia
Census tract: 6079011103
Low income: Yes
Planting area: Open Space
Distance to nearest building: 49 ft
Direction from building: NE
Tagged: Yes
Mulched Jan 2023: Yes"
379,Active,Quercus lobata,Valley Oak,CAL Fire,2024-03-23,680 Industrial Way,35.25154,-120.64513,true,good,"Stock size: 15 gallon
Neighborhood: Damon Garcia
Census tract: 6079011103
Low income: Yes
Planting area: Open Space
Distance to nearest building: 33 ft
Direction from building: NE
Tagged: Yes
Mulched Jan 2023: Yes"
380,Active,Quercus wislizeni,Interior Live Oak,CAL Fire,2024-03-23,680 Industrial Way,35.25158,-120.64509,true,good,"Stock size: 15 gallon
Neighborhood: Damon Garcia
Census tract: 6079011103
Low income: Yes
Planting area: Open Space
Distance to nearest building: 43 ft
Direction from building: E
Tagged: Yes
Mulched Jan 2023: Yes"
381,Active,Quercus lobata,Valley Oak,CAL Fire,2024-03-23,680 Industrial Way,35.25159,-120.64514,true,good,"Stock size: 15 gallon
Neighborhood: Damon Garcia
Census tract: 6079011103
Low income: Yes
Planting area: Open Space
Distance to nearest building: 27 ft
Direction from building: E
Tagged: Yes
Mulched Jan 2023: Yes"
382,Active,Quercus lobata,Valley Oak,CAL Fire,2024-03-23,680 Industrial Way,35.25167,-120.64518,true,good,"Stock size: 15 gallon
Neighborhood: Damon Garcia
Census tract: 6079011103
Low income: Yes
Planting area: Open Space
Distance to nearest building: 28 ft
Direction from building: E
Tagged: Yes
Mulched Jan 2023: Yes"
383,Active,Quercus wislizeni,Interior Live Oak,CAL Fire,2024-03-23,680 Industrial Way,35.25174,-120.6452,true,good,"Stock size: 15 gallon
Neighborhood: Damon Garcia
Census tract: 6079011103
Low income: Yes
Planting area: Open Space
Distance to nearest building: 46 ft
Direction from building: SE
Tagged: Yes
Mulched Jan 2023: Yes"
384,Active,Quercus lobata,Valley Oak,CAL Fire,2024-03-23,680 Industrial Way,35.25181,-120.64522,true,good,"Stock size: 15 gallon
Neighborhood: Damon Garcia
Census tract: 6079011103
Low income: Yes
Planting area: Open Space
Distance to nearest building: 68 ft
Direction from building: SE
Tagged: Yes
Mulched Jan 2023: Yes"
385,Active,Quercus lobata,Valley Oak,CAL Fire,2024-03-23,680 Industrial Way,35.25192,-120.64525,true,good,"Stock size: 15 gallon
Neighborhood: Damon Garcia
Census tract: 6079011103
Low income: Yes
Planting area: Open Space
Distance to nearest building: 106 ft
Direction from building: SE
Tagged: Yes
Mulched Jan 2023: Yes"
386,Active,Quercus wislizeni,Interior Live Oak,CAL Fire,2024-03-23,680 Industrial Way,35.25214,-120.64781,true,good,"Stock size: 15 gallon
Neighborhood: Damon Garcia
Census tract: 6079011103
Low income: Yes
Planting area: Open Space
Distance to nearest building: 641 ft
Direction from building: SE
Tagged: Yes
Mulched Jan 2023: Yes"
387,Active,Quercus lobata,Valley Oak,CAL Fire,2024-03-23,680 Industrial Way,35.25218,-120.64775,true,good,"Stock size: 15 gallon
Neighborhood: Damon Garcia
Census tract: 6079011103
Low income: Yes
Planting area: Open Space
Distance to nearest building: 628 ft
Direction from building: SW
Tagged: Yes
Mulched Jan 2023: Yes"
388,Active,Quercus wislizeni,Interior Live Oak,CAL Fire,2024-03-23,680 Industrial Way,35.25229,-120.64773,true,good,"Stock size: 15 gallon
Neighborhood: Damon Garcia
Census tract: 6079011103
Low income: Yes
Planting area: Open Space
Distance to nearest building: 652 ft
Direction from building: SW
Tagged: Yes
Mulched Jan 2023: Yes"
389,Active,Quercus wislizeni,Interior Live Oak,CAL Fire,2024-03-23,680 Industrial Way,35.25228,-120.64763,true,good,"Stock size: 15 gallon
Neighborhood: Damon Garcia
Census tract: 6079011103
Low income: Yes
Planting area: Open Space
Distance to nearest building: 624 ft
Direction from building: SW
Tagged: Yes
Mulched Jan 2023: Yes"
390,Active,Quercus lobata,Valley Oak,CAL Fire,2024-03-23,680 Industrial Way,35.25233,-120.64765,true,good,"Stock size: 15 gallon
Neighborhood: Damon Garcia
Census tract: 6079011103
Low income: Yes
Planting area: Open Space
Distance to nearest building: 647 ft
Direction from building: SW
Tagged: Yes
Mulched Jan 2023: Yes"
391,Active,Quercus suber,Cork Oak,CAL Fire,2024-03-29,1101 Los Osos Valley Rd,35.31031,-120.83009,false,good,"Stock size: 15 gallon
Census tract: 6079010703
Low income: Yes
Planting area: Open Space
Distance to nearest building: 66 ft
Direction from building: W
Tagged: Yes
Mulched Jan 2023: Yes"
392,Active,Robinia pseudoacacia,Purple Robe,CAL Fire,2024-03-29,1101 Los Osos Valley Rd,35.31031,-120.83009,false,good,"Stock size: 15 gallon
Census tract: 6079010703
Low income: Yes
Planting area: Open Space
Distance to nearest building: 69 ft
Direction from building: W
Tagged: Yes
Mulched Jan 2023: Yes"
393,Active,Quercus suber,Cork Oak,CAL Fire,2024-03-29,1101 Los Osos Valley Rd,35.31055,-120.83002,false,good,"Stock size: 15 gallon
Census tract: 6079010703
Low income: Yes
Planting area: Open Space
Distance to nearest building: 92 ft
Direction from building: W
Tagged: Yes
Mulched Jan 2023: Yes"
394,Active,Robinia pseudoacacia,Purple Robe,CAL Fire,2024-03-29,1101 Los Osos Valley Rd,35.31062,-120.83002,false,good,"Stock size: 15 gallon
Census tract: 6079010703
Low income: Yes
Planting area: Open Space
Distance to nearest building: 88 ft
Direction from building: W
Tagged: Yes
Mulched Jan 2023: Yes"
395,Active,Quercus suber,Cork Oak,CAL Fire,2024-03-29,1101 Los Osos Valley Rd,35.31062,-120.82992,false,good,"Stock size: 15 gallon
Census tract: 6079010703
Low income: Yes
Planting area: Open Space
Distance to nearest building: 118 ft
Direction from building: W
Tagged: Yes
Mulched Jan 2023: Yes"
396,Active,Cinnamomum camphora,Camphor,CAL Fire,2024-03-29,1101 Los Osos Valley Rd,35.31069,-120.82989,false,good,"Stock size: 15 gallon
Census tract: 6079010703
Low income: Yes
Planting area: Open Space
Distance to nearest building: 126 ft
Direction from building: W
Tagged: Yes
Mulched Jan 2023: Yes"
397,Active,Robinia pseudoacacia,Purple Robe,CAL Fire,2024-03-29,1101 Los Osos Valley Rd,35.31067,-120.82968,false,good,"Stock size: 15 gallon
Census tract: 6079010703
Low income: Yes
Planting area: Open Space
Distance to nearest building: 188 ft
Direction from building: W
Tagged: Yes
Mulched Jan 2023: Yes"
398,Active,Cinnamomum camphora,Camphor,CAL Fire,2024-03-29,1101 Los Osos Valley Rd,35.31067,-120.82959,false,good,"Stock size: 15 gallon
Census tract: 6079010703
Low income: Yes
Planting area: Open Space
Distance to nearest building: 214 ft
Direction from building: E
Tagged: Yes
Mulched Jan 2023: Yes"
399,Active,Quercus suber,Cork Oak,CAL Fire,2024-03-29,1101 Los Osos Valley Rd,35.31067,-120.82952,false,good,"Stock size: 15 gallon
Census tract: 6079010703
Low income: Yes
Planting area: Open Space
Distance to nearest building: 216 ft
Direction from building: E
Tagged: Yes
Mulched Jan 2023: Yes"
400,Active,Robinia pseudoacacia,Purple Robe,CAL Fire,2024-03-29,1101 Los Osos Valley Rd,35.31049,-120.82919,false,good,"Stock size: 15 gallon
Census tract: 6079010703
Low income: Yes
Planting area: Open Space
Distance to nearest building: 97 ft
Direction from building: E
Tagged: Yes
Mulched Jan 2023: Yes"
401,Active,Umbellularia californica,Bay laurel,TBID,2024-04-27,"11175 Los Osos Valley Rd, SLO",35.26127,-120.69603,false,good,"Stock size: 15 gallon
Neighborhood: Laguna Lake Golfcourse
Census tract: 6079011300
Low income: No
Planting area: Open Space
Distance to nearest building: 168 ft
Direction from building: NE
Tagged: No
Mulched Jan 2023: No"
402,Active,Arbutus 'Marina',Strawberry tree,TBID,2024-04-27,"11175 Los Osos Valley Rd, SLO",35.26137,-120.69615,false,good,"Stock size: 15 gallon
Neighborhood: Laguna Lake Golfcourse
Census tract: 6079011300
Low income: No
Planting area: Open Space
Distance to nearest building: 131 ft
Direction from building: NE
Tagged: No
Mulched Jan 2023: No"
403,Active,Umbellularia californica,Bay laurel,TBID,2024-04-27,"11175 Los Osos Valley Rd, SLO",35.26142,-120.69633,false,good,"Stock size: 15 gallon
Neighborhood: Laguna Lake Golfcourse
Census tract: 6079011300
Low income: No
Planting area: Open Space
Distance to nearest building: 101 ft
Direction from building: NE
Tagged: No
Mulched Jan 2023: No"
404,Active,Hesperocyparis Macrocarpa,Monterey cypress,TBID,2024-04-27,"11175 Los Osos Valley Rd, SLO",35.26104,-120.69668,false,good,"Stock size: 15 gallon
Neighborhood: Laguna Lake Golfcourse
Census tract: 6079011300
Low income: No
Planting area: Open Space
Distance to nearest building: 257 ft
Direction from building: NW
Tagged: No
Mulched Jan 2023: No"
405,Active,Arbutus 'Marina',Strawberry tree,TBID,2024-04-27,"11175 Los Osos Valley Rd, SLO",35.26094,-120.69687,false,good,"Stock size: 15 gallon
Neighborhood: Laguna Lake Golfcourse
Census tract: 6079011300
Low income: No
Planting area: Open Space
Distance to nearest building: 214 ft
Direction from building: W
Tagged: No
Mulched Jan 2023: No"
406,Active,Quercus Agrifolia,Coast live oak,TBID,2024-04-27,"11175 Los Osos Valley Rd, SLO",35.26058,-120.69736,false,good,"Stock size: 15 gallon
Neighborhood: Laguna Lake Golfcourse
Census tract: 6079011300
Low income: No
Planting area: Open Space
Distance to nearest building: 151 ft
Direction from building: NW
Tagged: No
Mulched Jan 2023: No"
407,Active,Hesperocyparis Macrocarpa,Monterey cypress,TBID,2024-04-27,"11175 Los Osos Valley Rd, SLO",35.26042,-120.69746,false,good,"Stock size: 15 gallon
Neighborhood: Laguna Lake Golfcourse
Census tract: 6079011300
Low income: No
Planting area: Open Space
Distance to nearest building: 162 ft
Direction from building: NW
Tagged: No
Mulched Jan 2023: No"
408,Active,Umbellularia californica,Bay laurel,TBID,2024-04-27,"11175 Los Osos Valley Rd, SLO",35.26033,-120.69752,false,good,"Stock size: 15 gallon
Neighborhood: Laguna Lake Golfcourse
Census tract: 6079011300
Low income: No
Planting area: Open Space
Distance to nearest building: 184 ft
Direction from building: NW
Tagged: No
Mulched Jan 2023: No"
409,Active,Hesperocyparis Macrocarpa,Monterey cypress,TBID,2024-04-27,"11175 Los Osos Valley Rd, SLO",35.25991,-120.69793,false,good,"Stock size: 15 gallon
Neighborhood: Laguna Lake Golfcourse
Census tract: 6079011300
Low income: No
Planting area: Open Space
Distance to nearest building: 164 ft
Direction from building: NW
Tagged: No
Mulched Jan 2023: No"
410,Active,Quercus Agrifolia,Coast live oak,TBID,2024-04-27,"11175 Los Osos Valley Rd, SLO",35.25985,-120.69795,false,good,"Stock size: 15 gallon
Neighborhood: Laguna Lake Golfcourse
Census tract: 6079011300
Low income: No
Planting area: Open Space
Distance to nearest building: 154 ft
Direction from building: NW
Tagged: No
Mulched Jan 2023: No"
411,Active,Umbellularia californica,Bay laurel,TBID,2024-04-27,"11175 Los Osos Valley Rd, SLO",35.25975,-120.69803,false,good,"Stock size: 15 gallon
Neighborhood: Laguna Lake Golfcourse
Census tract: 6079011300
Low income: No
Planting area: Open Space
Distance to nearest building: 176 ft
Direction from building: NW
Tagged: No
Mulched Jan 2023: No"
412,Active,Arbutus 'Marina',Strawberry tree,TBID,2024-04-27,"11175 Los Osos Valley Rd, SLO",35.25965,-120.69817,false,good,"Stock size: 15 gallon
Neighborhood: Laguna Lake Golfcourse
Census tract: 6079011300
Low income: No
Planting area: Open Space
Distance to nearest building: 160 ft
Direction from building: NW
Tagged: No
Mulched Jan 2023: No"
413,Active,Umbellularia californica,Bay laurel,TBID,2024-04-27,"11175 Los Osos Valley Rd, SLO",35.2592,-120.69854,false,good,"Stock size: 15 gallon
Neighborhood: Laguna Lake Golfcourse
Census tract: 6079011300
Low income: No
Planting area: Open Space
Distance to nearest building: 172 ft
Direction from building: NW
Tagged: No
Mulched Jan 2023: No"
414,Active,Hesperocyparis Macrocarpa,Monterey cypress,TBID,2024-04-27,"11175 Los Osos Valley Rd, SLO",35.25915,-120.69881,false,good,"Stock size: 15 gallon
Neighborhood: Laguna Lake Golfcourse
Census tract: 6079011300
Low income: No
Planting area: Open Space
Distance to nearest building: 109 ft
Direction from building: NW
Tagged: No
Mulched Jan 2023: No"
415,Active,Castanospermum australe,Moreton Bay Chestnut,TBID,2024-11-16,"536 Marsh St, SLO",35.277158,-120.666476,true,good,"Stock size: 15 gallon
Neighborhood: Jack House & Gardens
Census tract: 6079011101
Low income: No
Planting area: Open Space
Distance to nearest building: 27 ft
Direction from building: E
Tagged: No
Mulched Jan 2023: No"
418,Active,Agathis robusta,Queensland kauri,TBID,2025-02-08,"900 Southwood Dr, SLO",35.26722,-120.646179,true,good,"Stock size: 15 gallon
Neighborhood: Sinsheimer Park
Census tract: 6079011001
Low income: No
Planting area: Open Space"
419,Active,Jacaranda mimosifolia,Blue Jacaranda,TBID,2025-02-08,"900 Southwood Dr, SLO",35.267269,-120.646118,true,good,"Stock size: 24in Box
Neighborhood: Sinsheimer Park
Census tract: 6079011001
Low income: No
Planting area: Open Space"
420,Active,Spathodea campanulata,African tulip tree,TBID,2025-02-08,"900 Southwood Dr, SLO",35.26725,-120.646233,true,good,"Stock size: 15 gallon
Neighborhood: Sinsheimer Park
Census tract: 6079011001
Low income: No
Planting area: Open Space"
421,Active,Elaeocarpus decipiens,Japanese Blueberry Tree,City of SLO,2026-04-14,"Sinsheimer Park, San Luis Obispo",35.26733,-120.64618,true,fair,This was a replanting
422,Active,Agathis robusta,Queensland kauri,TBID,2025-02-08,"900 Southwood Dr, SLO",35.268059,-120.647057,true,good,"Stock size: 15 gallon
Neighborhood: Sinsheimer Park
Census tract: 6079011001
Low income: No
Planting area: Open Space"
423,Active,Castanospermum australe,Moreton Bay Chestnut,TBID,2025-02-08,"900 Southwood Dr, SLO",35.267937,-120.647568,true,good,"Stock size: 15 gallon
Neighborhood: Sinsheimer Park
Census tract: 6079011001
Low income: No
Planting area: Open Space"
424,Active,Brachychiton acerifolius,Flame bottletree,TBID,2025-02-08,"900 Southwood Dr, SLO",35.268002,-120.647873,true,good,"Stock size: 15 gallon
Neighborhood: Sinsheimer Park
Census tract: 6079011001
Low income: No
Planting area: Open Space"
425,Active,Chitalpa x taskentensis,Morning Cloud,City of SLO,2026-02-10,"900 Southwood Dr, San Luis Obispo, CA 93401",35.268044,-120.648094,true,good,"This was a replanting

Next mulching due date: 2027-02-10 00:00:00"
426,Active,Brachychiton populneus,Kurrajong,TBID,2025-02-08,"900 Southwood Dr, SLO",35.267994,-120.648087,true,good,"Stock size: 15 gallon
Neighborhood: Sinsheimer Park
Census tract: 6079011001
Low income: No
Planting area: Open Space"
427,Active,Spathodea campanulata,African tulip tree,TBID,2025-02-08,"900 Southwood Dr, SLO",35.267872,-120.64801,true,good,"Stock size: 15 gallon
Neighborhood: Sinsheimer Park
Census tract: 6079011001
Low income: No
Planting area: Open Space"
428,Active,Brachychiton acerifolius,Flame bottletree,TBID,2025-02-08,"900 Southwood Dr, SLO",35.267826,-120.648277,true,good,"Stock size: 15 gallon
Neighborhood: Sinsheimer Park
Census tract: 6079011001
Low income: No
Planting area: Open Space"
429,Active,Tipuana tipu,Rosewood,TBID,2025-02-08,"900 Southwood Dr, SLO",35.267941,-120.648376,true,good,"Stock size: 15 gallon
Neighborhood: Sinsheimer Park
Census tract: 6079011001
Low income: No
Planting area: Open Space"
430,Active,Eucalyptus robusta,Swamp mahogany,TBID,2025-02-08,"900 Southwood Dr, SLO",35.268074,-120.648369,true,good,"Stock size: 15 gallon
Neighborhood: Sinsheimer Park
Census tract: 6079011001
Low income: No
Planting area: Open Space"
431,Active,Brachychiton rupestris,Queensland bottle tree,TBID,2025-02-08,"900 Southwood Dr, SLO",35.26823,-120.648232,true,good,"Stock size: 15 gallon
Neighborhood: Sinsheimer Park
Census tract: 6079011001
Low income: No
Planting area: Open Space"
432,Active,Quercus oblongfolia,Mexican blue oak,TBID,2025-02-08,"900 Southwood Dr, SLO",35.268406,-120.649109,true,good,"Stock size: 15 gallon
Neighborhood: Sinsheimer Park
Census tract: 6079011001
Low income: No
Planting area: Open Space"
434,Active,Nuxia floribunda,Forest elder,TBID,2025-02-08,"900 Southwood Dr, SLO",35.267841,-120.649132,true,good,"Stock size: 15 gallon
Neighborhood: Sinsheimer Park
Census tract: 6079011001
Low income: No
Planting area: Open Space"
435,Active,Quercus rysophylla,Loquat leaf oak,TBID,2025-02-08,"900 Southwood Dr, SLO",35.267761,-120.649139,true,good,"Stock size: 15 gallon
Neighborhood: Sinsheimer Park
Census tract: 6079011001
Low income: No
Planting area: Open Space"
436,Active,Ceiba speciosa,Silk floss tree,TBID,2025-02-08,"900 Southwood Dr, SLO",35.267723,-120.649147,true,good,"Stock size: 15 gallon
Neighborhood: Sinsheimer Park
Census tract: 6079011001
Low income: No
Planting area: Open Space"
437,Active,Quercus rysophylla,Loquat leaf oak,TBID,2025-02-08,"900 Southwood Dr, SLO",35.267487,-120.648987,true,good,"Stock size: 15 gallon
Neighborhood: Sinsheimer Park
Census tract: 6079011001
Low income: No
Planting area: Open Space"
438,Active,Pinus Torreyana,Torrey pine,TBID,2025-02-08,"900 Southwood Dr, SLO",35.267323,-120.649101,true,good,"Stock size: 15 gallon
Neighborhood: Sinsheimer Park
Census tract: 6079011001
Low income: No
Planting area: Open Space"
439,Active,Quercus hypoleucoides,Silverleaf oak,TBID,2025-02-08,"900 Southwood Dr, SLO",35.267246,-120.648949,true,good,"Stock size: 15 gallon
Neighborhood: Sinsheimer Park
Census tract: 6079011001
Low income: No
Planting area: Open Space"
501,Active,Cassia Leptophylla,Gold Medallion,City of SLO,2025-11-22,"654 Buchon Street, San Luis Obispo, CA 93401",35.0,16.0,false,good,"Buchon Street Tree Planting

Watered this week: Water on 12/2/2025
Next mulching due date: 2026-11-22 00:00:00"
502,Active,Jacaranda Mimosifolia,Jacaranda,City of SLO,2025-11-22,"680 Buchon Street, San Luis Obispo, CA 93401",35.0,16.0,false,good,"Buchon Street Tree Planting

Watered this week: Water on 12/2/2025
Next mulching due date: 2026-11-22 00:00:00"
503,Active,Cassia Leptophylla,Gold Medallion,City of SLO,2025-11-22,"1445 Broad Street, San Luis Obispo, CA 93401",35.0,16.0,false,good,"Buchon Street Tree Planting

Watered this week: Water on 12/2/2025
Next mulching due date: 2026-11-22 00:00:00"
504,Active,Jacaranda Mimosifolia,Jacaranda,City of SLO,2025-11-22,"1505 Broad Street, San Luis Obispo, CA 93401",35.0,16.0,false,good,"Buchon Street Tree Planting

Watered this week: Water on 12/2/2025
Next mulching due date: 2026-11-22 00:00:00"
505,Active,Pistacia Chinensis,Chinese Pistache,City of SLO,2025-11-22,"685 Buchon Street, San Luis Obispo, CA 93401",35.0,16.0,false,good,"Buchon Street Tree Planting

Watered this week: Water on 12/2/2025
Next mulching due date: 2026-11-22 00:00:00"
506,Active,Cassia Leptophylla,Gold Medallion,City of SLO,2025-11-22,"673 Buchon Street, San Luis Obispo, CA 93401",35.0,16.0,false,good,"Buchon Street Tree Planting

Watered this week: Water on 12/2/2025
Next mulching due date: 2026-11-22 00:00:00"
507,Active,Cassia Leptophylla,Gold Medallion,City of SLO,2025-11-22,"665 Buchon Street, San Luis Obispo, CA 93401",35.0,16.0,false,good,"Buchon Street Tree Planting

Watered this week: Water on 12/2/2025
Next mulching due date: 2026-11-22 00:00:00"
508,Active,Jacaranda Mimosifolia,Jacaranda,City of SLO,2025-11-22,"661 Buchon Street, San Luis Obispo, CA 93401",35.0,16.0,false,good,"Buchon Street Tree Planting

Watered this week: Water on 12/2/2025
Next mulching due date: 2026-11-22 00:00:00"
509,Active,Pistacia Chinensis,Chinese Pistache,City of SLO,2025-11-22,"651 Buchon Street, San Luis Obispo, CA 93401",35.0,16.0,false,good,"Buchon Street Tree Planting

Watered this week: Water on 12/2/2025
Next mulching due date: 2026-11-22 00:00:00"
540,Active,Ficus macrophylla,Moreton Bay Fig,City of SLO,2026-01-31,"1050 Oak St, San Luis Obispo, CA 93405",35.2899147,-120.6659156,true,good,"Santa Rosa Park Tree Planting

Watered this week: Water from Park
Next mulching due date: 2027-01-31 00:00:00"
541,Active,Quercus virginiana,Sky Climber,City of SLO,2026-01-31,"1050 Oak St, San Luis Obispo, CA 93405",35.2903241,-120.6655549,true,good,"Santa Rosa Park Tree Planting

Watered this week: Water from Park
Next mulching due date: 2027-01-31 00:00:00"
542,Active,Hymenosporum flavum,Sweetshade,City of SLO,2026-01-31,"1050 Oak St, San Luis Obispo, CA 93405",35.2902234,-120.6645088,true,good,"Santa Rosa Park Tree Planting

Next mulching due date: 2027-01-31 00:00:00"
543,Active,Jacaranda mimosifolia,Jacaranda,City of SLO,2026-01-31,"1050 Oak St, San Luis Obispo, CA 93405",35.2902058,-120.6645785,true,okay,"Santa Rosa Park Tree Planting

Next mulching due date: 2027-01-31 00:00:00"
544,Active,Tabebuia impetiginosa,Tabeuia ipe,City of SLO,2026-01-31,"1050 Oak St, San Luis Obispo, CA 93405",35.2901883,-120.6646322,true,good,"Santa Rosa Park Tree Planting

Next mulching due date: 2027-01-31 00:00:00"
545,Active,Tabebuia impetiginosa,Tabeuia ipe,City of SLO,2026-01-31,"1050 Oak St, San Luis Obispo, CA 93405",35.2901008,-120.6646241,true,good,"Santa Rosa Park Tree Planting

Next mulching due date: 2027-01-31 00:00:00"
546,Active,Jacaranda mimosifolia,Jacaranda,City of SLO,2026-01-31,"1050 Oak St, San Luis Obispo, CA 93405",35.2900723,-120.6645839,true,good,"Santa Rosa Park Tree Planting

Next mulching due date: 2027-01-31 00:00:00"
547,Active,Hymenosporum flavum,Sweetshade,City of SLO,2026-01-31,"1050 Oak St, San Luis Obispo, CA 93405",35.2900592,-120.6645302,true,good,"Santa Rosa Park Tree Planting

Next mulching due date: 2027-01-31 00:00:00"
548,Active,Nuxia floribunda,Forest Elder,City of SLO,2026-01-31,"1050 Oak St, San Luis Obispo, CA 93405",35.289965,-120.664655,true,good,"Santa Rosa Park Tree Planting

Next mulching due date: 2027-01-31 00:00:00"
549,Active,Spathodea campanulata,African Tulip,City of SLO,2026-01-31,"1050 Oak St, San Luis Obispo, CA 93405",35.2898796,-120.6646737,true,good,"Santa Rosa Park Tree Planting

Next mulching due date: 2027-01-31 00:00:00"
550,Active,Quercus rugosa,Netleaf Oak,City of SLO,2026-01-31,"1050 Oak St, San Luis Obispo, CA 93405",35.2896454,-120.6644256,true,good,"Santa Rosa Park Tree Planting

Next mulching due date: 2027-01-31 00:00:00"
551,Active,Jacaranda mimosifolia,Jacaranda,City of SLO,2026-01-31,"1050 Oak St, San Luis Obispo, CA 93405",35.2896673,-120.6643479,true,good,"Santa Rosa Park Tree Planting

Next mulching due date: 2027-01-31 00:00:00"
552,Active,Hymenosporum flavum,Sweetshade,City of SLO,2026-01-31,"1050 Oak St, San Luis Obispo, CA 93405",35.289606,-120.6642647,true,good,"Santa Rosa Park Tree Planting

Next mulching due date: 2027-01-31 00:00:00"
553,Active,Koelreuteria bipinnata,Chinese flame tree,City of SLO,2026-01-31,"1050 Oak St, San Luis Obispo, CA 93405",35.2895381,-120.6643023,true,good,"Santa Rosa Park Tree Planting

Next mulching due date: 2027-01-31 00:00:00"
554,Active,Brachychiton discolor,Lacebark Tree,City of SLO,2026-01-31,"1050 Oak St, San Luis Obispo, CA 93405",35.2893279,-120.6645651,true,good,"Santa Rosa Park Tree Planting

Next mulching due date: 2027-01-31 00:00:00"
555,Active,Eucalyptus victrix,Smooth-barked coolibah,City of SLO,2026-01-31,"1050 Oak St, San Luis Obispo, CA 93405",35.2893159,-120.6644458,true,good,"Santa Rosa Park Tree Planting

Next mulching due date: 2027-01-31 00:00:00"
556,Active,Eucalyptus victrix,Smooth-barked coolibah,City of SLO,2026-01-31,"1050 Oak St, San Luis Obispo, CA 93405",35.2892874,-120.6643371,true,good,"Santa Rosa Park Tree Planting

Next mulching due date: 2027-01-31 00:00:00"
557,Active,Eucalyptus victrix,Smooth-barked coolibah,City of SLO,2026-01-31,"1050 Oak St, San Luis Obispo, CA 93405",35.2892765,-120.6642164,true,good,"Santa Rosa Park Tree Planting

Next mulching due date: 2027-01-31 00:00:00"
558,Active,Eucalyptus victrix,Smooth-barked coolibah,City of SLO,2026-01-31,"1050 Oak St, San Luis Obispo, CA 93405",35.2892568,-120.6640796,true,good,"Santa Rosa Park Tree Planting

Next mulching due date: 2027-01-31 00:00:00"
559,Active,Eucalyptus victrix,Smooth-barked coolibah,City of SLO,2026-01-31,"1050 Oak St, San Luis Obispo, CA 93405",35.2892425,-120.6639589,true,good,"Santa Rosa Park Tree Planting

Next mulching due date: 2027-01-31 00:00:00"
560,Active,Quercus engelmannii,Engelmann oak,City of SLO,2026-01-31,"1050 Oak St, San Luis Obispo, CA 93405",35.2892732,-120.6630041,true,good,"Santa Rosa Park Tree Planting

Next mulching due date: 2027-01-31 00:00:00"
561,Active,Quercus oblongifolia,Mexican Blue Oak,City of SLO,2026-01-31,"1050 Oak St, San Luis Obispo, CA 93405",35.290427,-120.6630175,true,good,"Santa Rosa Park Tree Planting

Next mulching due date: 2027-01-31 00:00:00"
562,Active,Quercus oblongifolia,Mexican Blue Oak,City of SLO,2026-01-31,"1050 Oak St, San Luis Obispo, CA 93405",35.2904401,-120.663114,true,good,"Santa Rosa Park Tree Planting

Next mulching due date: 2027-01-31 00:00:00"
563,Active,Eucalyptus spathulata,Swamp Mallee,City of SLO,2026-02-21,"Islay Park, San Luis Obispo, CA 93401",35.2499047,-120.625834,true,good,"Islay Park Tree Planting

Next mulching due date: 2027-02-21 00:00:00"
566,Active,Quercus oblongifolia,Mexican Blue Oak,City of SLO,2026-02-21,"Islay Park, San Luis Obispo, CA 93401",35.2498845,-120.6255584,true,good,"Islay Park Tree Planting

Next mulching due date: 2027-02-21 00:00:00"
568,Active,Chitalpa taskentensis,Morning Cloud,City of SLO,2026-02-21,"Islay Park, San Luis Obispo, CA 93401",35.2498549,-120.6254035,true,good,"Islay Park Tree Planting

Next mulching due date: 2027-02-21 00:00:00"
569,Active,Chitalpa taskentensis,Morning Cloud,City of SLO,2026-02-21,"Islay Park, San Luis Obispo, CA 93401",35.2497591,-120.6253881,true,good,"Islay Park Tree Planting

Next mulching due date: 2027-02-21 00:00:00"
570,Active,Chitalpa taskentensis,Morning Cloud,City of SLO,2026-02-21,"Islay Park, San Luis Obispo, CA 93401",35.2496873,-120.6253291,true,good,"Islay Park Tree Planting

Next mulching due date: 2027-02-21 00:00:00"
571,Active,Quercus engelmannii,Engelmann oak,City of SLO,2026-02-21,"Islay Park, San Luis Obispo, CA 93401",35.2497147,-120.6255839,true,good,"Islay Park Tree Planting

Next mulching due date: 2027-02-21 00:00:00"
572,Active,Koelreuteria bipinnata,Chinese flame tree,City of SLO,2026-02-21,"Islay Park, San Luis Obispo, CA 93401",35.2496249,-120.6254109,true,good,"Islay Park Tree Planting

Next mulching due date: 2027-02-21 00:00:00"
573,Active,Quercus rugosa,Netleaf Oak,City of SLO,2026-02-21,"Islay Park, San Luis Obispo, CA 93401",35.249476,-120.6252285,true,good,"Islay Park Tree Planting

Next mulching due date: 2027-02-21 00:00:00"
574,Active,Jacaranda mimosifolia,Jacaranda,City of SLO,2026-02-21,"Islay Park, San Luis Obispo, CA 93401",35.24943,-120.6252848,true,good,"Islay Park Tree Planting

Next mulching due date: 2027-02-21 00:00:00"
575,Active,Koelreuteria bipinnata,Chinese flame tree,City of SLO,2026-02-21,"Islay Park, San Luis Obispo, CA 93401",35.2492744,-120.625421,true,good,"Islay Park Tree Planting

Next mulching due date: 2027-02-21 00:00:00"
576,Active,Eucalyptus spathulata,Swamp Mallee,City of SLO,2026-02-21,"Islay Park, San Luis Obispo, CA 93401",35.2492153,-120.6256161,true,good,"Islay Park Tree Planting

Next mulching due date: 2027-02-21 00:00:00"
577,Active,Eucalyptus spathulata,Swamp Mallee,City of SLO,2026-02-21,"Islay Park, San Luis Obispo, CA 93401",35.249166,-120.6256966,true,good,"Islay Park Tree Planting

Next mulching due date: 2027-02-21 00:00:00"
578,Active,Quercus rugosa,Netleaf Oak,City of SLO,2026-02-21,"Islay Park, San Luis Obispo, CA 93401",35.2491244,-120.6256308,true,good,"Islay Park Tree Planting

Next mulching due date: 2027-02-21 00:00:00"
579,Active,Brachychiton acerifolius,Australian Flame,City of SLO,2026-02-24,"1050 Oak St, San Luis Obispo, CA 93405",35.290292,-120.665713,true,good,"Kendra & Walt Planted on 2/24/2026

Watered this week: Water from Park
Next mulching due date: 2026-03-05 00:00:00"
580,Active,Brachychiton acerifolius,Australian Flame,City of SLO,2026-02-24,"1050 Oak St, San Luis Obispo, CA 93405",35.290281,-120.665862,true,good,"Kendra & Walt Planted on 2/24/2026

Watered this week: Water from Park
Next mulching due date: 2026-03-05 00:00:00"
581,Active,Eucalyptus Spathulata,Swamp Mallee,City of SLO,2026-02-24,"1050 Oak St, San Luis Obispo, CA 93405",35.290357,-120.665924,true,good,"Kendra & Walt Planted on 2/24/2026

Watered this week: Water from Park
Next mulching due date: 2026-03-05 00:00:00"
582,Active,Eucalyptus Spathulata,Swamp Mallee,City of SLO,2026-02-24,"1050 Oak St, San Luis Obispo, CA 93405",35.290366,-120.665924,true,good,"Kendra & Walt Planted on 2/24/2026

Watered this week: Water from Park
Next mulching due date: 2026-03-05 00:00:00"
583,Active,Eucalyptus Spathulata,Sawmp Mallee,City of SLO,2026-02-24,"1050 Oak St, San Luis Obispo, CA 93405",35.290369,-120.665702,true,good,"Kendra & Walt Planted on 2/24/2026

Watered this week: Water from Park
Next mulching due date: 2026-03-05 00:00:00"
584,Active,Chitalpa taskentensis,Morning Cloud,City Of SLO,2026-05-09,"1395 Madonna Road San Luis Obispo, CA 93405",35.0,15.0,true,good,Firehouse #4
585,Active,Chitalpa taskentensis,Morning Cloud,City Of SLO,2026-05-09,"1395 Madonna Road San Luis Obispo, CA 93405",35.0,15.0,true,good,Firehouse #4
586,Active,Chitalpa taskentensis,Morning Cloud,City Of SLO,2026-05-09,"1395 Madonna Road San Luis Obispo, CA 93405",35.0,15.0,true,good,Firehouse #4
587,Active,Koelreuteria bipinnata,Chinese Flame,City Of SLO,2026-05-09,"1395 Madonna Road San Luis Obispo, CA 93405",35.0,15.0,true,good,Firehouse #4
588,Active,Koelreuteria bipinnata,Chinese Flame,City Of SLO,2026-05-09,"1395 Madonna Road San Luis Obispo, CA 93405",35.0,15.0,true,good,Firehouse #4
589,Active,Brachychiton populneus,Kurrajong,City Of SLO,2026-05-30,"1395 Madonna Road San Luis Obispo, CA 93405",35.0,15.0,true,good,Firehouse #4
590,Active,Quercus Rugosa,Netleaf Oak,City Of SLO,2026-05-30,"1395 Madonna Road San Luis Obispo, CA 93405",35.0,15.0,true,good,Firehouse #4
591,Active,Quercus Rugosa,Netleaf Oak,City Of SLO,2026-05-30,"1395 Madonna Road San Luis Obispo, CA 93405",35.0,15.0,true,good,Firehouse #4
592,Active,Tristaniopsis laurina 'Elegant',Elegant Water Gum,City Of SLO,2026-05-30,"1395 Madonna Road San Luis Obispo, CA 93405",35.0,15.0,true,good,Firehouse #4
593,Active,Tristaniopsis laurina 'Elegant',Elegant Water Gum,City Of SLO,2026-05-30,"1395 Madonna Road San Luis Obispo, CA 93405",35.0,15.0,true,good,Firehouse #4
594,Active,Ginkgo biloba,Maidenhair,City Of SLO,2026-05-30,"1395 Madonna Road San Luis Obispo, CA 93405",35.0,15.0,true,good,Firehouse #4
595,Active,Ginkgo biloba,Maidenhair,City Of SLO,2026-05-30,"1395 Madonna Road San Luis Obispo, CA 93405",35.0,15.0,true,good,Firehouse #4
1000,Active,Brachychiton Populneus,Kurrajong,City of SLO,2025-11-22,"2143 Harris Street, San Luis Obispo, CA",35.2702226,-120.6637011,false,good,Nov Neighborhood Tree Planting
1001,Active,Brachychiton Populneus,Kurrajong,City of SLO,2025-11-22,"2143 Harris Street, San Luis Obispo, CA",35.2702825,-120.6638178,false,good,Nov Neighborhood Tree Planting
1002,Active,Hymenosporum Flavum,Sweetshade,City of SLO,2025-11-22,"236 Branch St, San Luis Obispo, CA 93401",35.2702891,-120.6671467,false,good,Nov Neighborhood Tree Planting
1003,Active,Cassia Leptophylla,Gold Medallion,City of SLO,2025-11-22,"914 Legacy Lane, San Luis Obispo, 93405",35.25711,-120.67994,false,good,Nov Neighborhood Tree Planting
1004,Active,Pistacia Chinensis,Chinese pistache,City of SLO,2025-11-22,"914 Legacy Lane, San Luis Obispo, 93405",35.25716,-120.67988,false,good,Nov Neighborhood Tree Planting
1005,Active,Tristania Laurina 'Elegant',Elegant water gum,City of SLO,2025-11-22,"939 Legacy Lane, San Luis Obispo, 93405",35.25671,-120.68028,false,good,Nov Neighborhood Tree Planting
1006,Active,Pistacia Chinensis,Chinese pistache,City of SLO,2025-11-22,"1326 Pacific, San Luis Obispo CA 93401",35.2827,-120.65472,false,good,Nov Neighborhood Tree Planting
1007,Active,Cassia Leptophylla,Gold Medallion,City of SLO,2025-11-22,"1688 Oceanaire Drive, San Luis Obispo, CA 93405",35.2586,-120.68398,false,good,Nov Neighborhood Tree Planting
1008,Active,Cassia Leptophylla,Gold Medallion,City of SLO,2025-11-22,"1688 Oceanaire Drive, San Luis Obispo, CA 93405",35.25861,-120.68393,false,good,Nov Neighborhood Tree Planting
1009,Active,Cassia Leptophylla,Gold Medallion,City of SLO,2025-11-22,"872 Coriander Lane, San Luis Obispo, CA 93401",35.25985,-120.64511,false,good,Nov Neighborhood Tree Planting
1010,Active,Cassia Leptophylla,Gold Medallion,City of SLO,2025-11-22,"872 Coriander Lane, San Luis Obispo, CA 93401",35.25982,-120.64513,false,good,Nov Neighborhood Tree Planting
1011,Active,Cassia Leptophylla,Gold Medallion,City of SLO,2025-11-22,"872 Coriander Lane, San Luis Obispo, CA 93401",35.2598,-120.64517,false,good,Nov Neighborhood Tree Planting
1012,Active,Cassia Leptophylla,Gold Medallion,City of SLO,2025-11-22,"872 Coriander Lane, San Luis Obispo, CA 93401",35.25959,-120.64556,false,good,Nov Neighborhood Tree Planting
1013,Active,Tristania Laurina 'Elegant',Elegant water gum,City of SLO,2025-11-22,"1804 Viewmont St, San Luis Obispo, CA 93401",35.27499,-120.64316,false,good,Nov Neighborhood Tree Planting
1014,Active,Tristania Laurina 'Elegant',Elegant water gum,City of SLO,2025-11-22,"1804 Viewmont St, San Luis Obispo, CA 93401",35.275,-120.64313,false,good,Nov Neighborhood Tree Planting
1015,Active,Schinus Molle,California Pepper Tree,LMUSD,2025-12-06,"525 North Thompson Road, Nipomo, CA 93444",35.0,3.0,true,good,"Nipomo High School Planting

Watered this week: On Irrigation"
1016,Active,Heteromeles Arbutifolia,Toyon,LMUSD,2025-12-06,"525 North Thompson Road, Nipomo, CA 93444",35.0,3.0,true,good,"Nipomo High School Planting

Watered this week: On Irrigation"
1017,Active,Acacia Podalyriifolia,Pearl Acacia,LMUSD,2025-12-06,"525 North Thompson Road, Nipomo, CA 93444",35.0,3.0,true,good,"Nipomo High School Planting

Watered this week: On Irrigation"
1018,Active,Acacia Podalyriifolia,Pearl Acacia,LMUSD,2025-12-06,"525 North Thompson Road, Nipomo, CA 93444",35.0,3.0,true,good,"Nipomo High School Planting

Watered this week: On Irrigation"
1019,Active,Acacia Podalyriifolia,Pearl Acacia,LMUSD,2025-12-06,"525 North Thompson Road, Nipomo, CA 93444",35.0,3.0,true,good,"Nipomo High School Planting

Watered this week: On Irrigation"
1020,Active,Olea Europaea,Olive,LMUSD,2025-12-06,"525 North Thompson Road, Nipomo, CA 93444",35.0,3.0,true,good,"Nipomo High School Planting

Watered this week: On Irrigation"
1021,Active,Ray Hartman Ceanothus,Ceanothus,LMUSD,2025-12-06,"525 North Thompson Road, Nipomo, CA 93444",35.0,3.0,true,good,"Nipomo High School Planting

Watered this week: On Irrigation"
1022,Active,Ray Hartman Ceanothus,Ceanothus,LMUSD,2025-12-06,"525 North Thompson Road, Nipomo, CA 93444",35.0,3.0,true,good,"Nipomo High School Planting

Watered this week: On Irrigation"
1023,Active,Ray Hartman Ceanothus,Ceanothus,LMUSD,2025-12-06,"525 North Thompson Road, Nipomo, CA 93444",35.0,3.0,true,good,"Nipomo High School Planting

Watered this week: On Irrigation"
1024,Active,Schinus Molle,California Pepper Tree,LMUSD,2025-12-06,"525 North Thompson Road, Nipomo, CA 93444",35.0,3.0,true,good,"Nipomo High School Planting

Watered this week: On Irrigation"
1025,Active,Schinus Molle,California Pepper Tree,LMUSD,2025-12-06,"535 North Thompson Road, Nipomo, CA 93444",35.0,3.0,true,good,"Nipomo High School Planting

Watered this week: On Irrigation"
1026,Active,Schinus Molle,California Pepper Tree,LMUSD,2025-12-06,"525 North Thompson Road, Nipomo, CA 93444",35.0,3.0,true,good,"Nipomo High School Planting

Watered this week: On Irrigation"
1027,Active,Heteromeles Arbutifolia,Toyon,LMUSD,2025-12-06,"525 North Thompson Road, Nipomo, CA 93444",35.0,3.0,true,good,"Nipomo High School Planting

Watered this week: On Irrigation"
1028,Active,Heteromeles Arbutifolia,Toyon,LMUSD,2025-12-06,"525 North Thompson Road, Nipomo, CA 93444",35.0,3.0,true,good,"Nipomo High School Planting

Watered this week: On Irrigation"
1029,Active,Heteromeles Arbutifolia,Toyon,LMUSD,2025-12-06,"525 North Thompson Road, Nipomo, CA 93444",35.0,3.0,true,good,"Nipomo High School Planting

Watered this week: On Irrigation"
1030,Active,Olea Europaea,Olive,LMUSD,2025-12-06,"525 North Thompson Road, Nipomo, CA 93444",35.0,3.0,true,good,"Nipomo High School Planting

Watered this week: On Irrigation"
1031,Active,Ray Hartman Ceanothus,Ceanothus,LMUSD,2025-12-06,"525 North Thompson Road, Nipomo, CA 93444",35.0,3.0,true,good,"Nipomo High School Planting

Watered this week: On Irrigation"
1032,Active,Ray Hartman Ceanothus,Ceanothus,LMUSD,2025-12-06,"525 North Thompson Road, Nipomo, CA 93444",35.0,3.0,true,good,"Nipomo High School Planting

Watered this week: On Irrigation"
1033,Active,Ray Hartman Ceanothus,Ceanothus,LMUSD,2025-12-06,"525 North Thompson Road, Nipomo, CA 93444",35.0,3.0,true,good,"Nipomo High School Planting

Watered this week: On Irrigation"
1034,Active,Olea Europaea,Olive,LMUSD,2025-12-06,"525 North Thompson Road, Nipomo, CA 93444",35.0,3.0,true,good,"Nipomo High School Planting

Watered this week: On Irrigation"
1035,Active,Heteromeles Arbutifolia,Toyon,LMUSD,2025-12-06,"525 North Thompson Road, Nipomo, CA 93444",35.0,3.0,true,good,"Nipomo High School Planting

Watered this week: On Irrigation"
1036,Active,Schinus Molle,California Pepper Tree,LMUSD,2025-12-06,"525 North Thompson Road, Nipomo, CA 93444",35.0,3.0,true,good,"Nipomo High School Planting

Watered this week: On Irrigation"
1037,Active,Schinus Molle,California Pepper Tree,LMUSD,2025-12-06,"525 North Thompson Road, Nipomo, CA 93444",35.0,3.0,true,good,"Nipomo High School Planting

Watered this week: On Irrigation"
1038,Active,Schinus Molle,California Pepper Tree,LMUSD,2025-12-06,"525 North Thompson Road, Nipomo, CA 93444",35.0,3.0,true,good,"Nipomo High School Planting

Watered this week: On Irrigation"
1039,Active,Ray Hartman Ceanothus,Ceanothus,LMUSD,2025-12-06,"525 North Thompson Road, Nipomo, CA 93444",35.0,3.0,true,good,"Nipomo High School Planting

Watered this week: On Irrigation"
1040,Active,Ray Hartman Ceanothus,Ceanothus,LMUSD,2025-12-06,"525 North Thompson Road, Nipomo, CA 93444",35.0,3.0,true,good,"Nipomo High School Planting

Watered this week: On Irrigation"
1041,Active,Ray Hartman Ceanothus,Ceanothus,LMUSD,2025-12-06,"525 North Thompson Road, Nipomo, CA 93444",35.0,3.0,true,good,"Nipomo High School Planting

Watered this week: On Irrigation"
1042,Active,Olea Europaea,Olive,LMUSD,2025-12-06,"525 North Thompson Road, Nipomo, CA 93444",35.0,3.0,true,good,"Nipomo High School Planting

Watered this week: On Irrigation"
1043,Active,Olea Europaea,Olive,LMUSD,2025-12-06,"525 North Thompson Road, Nipomo, CA 93444",35.0,3.0,true,good,"Nipomo High School Planting

Watered this week: On Irrigation"
1044,Active,Olea Europaea,Olive,LMUSD,2025-12-06,"525 North Thompson Road, Nipomo, CA 93444",35.0,3.0,true,good,"Nipomo High School Planting

Watered this week: On Irrigation"
1045,Active,Ray Hartman Ceanothus,Ceanothus,LMUSD,2025-12-06,"525 North Thompson Road, Nipomo, CA 93444",35.0,3.0,true,good,"Nipomo High School Planting

Watered this week: On Irrigation"
1046,Active,Ray Hartman Ceanothus,Ceanothus,LMUSD,2025-12-06,"525 North Thompson Road, Nipomo, CA 93444",35.0,3.0,true,good,"Nipomo High School Planting

Watered this week: On Irrigation"
1047,Active,Ray Hartman Ceanothus,Ceanothus,LMUSD,2025-12-06,"525 North Thompson Road, Nipomo, CA 93444",35.0,3.0,true,good,"Nipomo High School Planting

Watered this week: On Irrigation"
1048,Active,Acacia Podalyriifolia,Pearl Acacia,LMUSD,2025-12-06,"525 North Thompson Road, Nipomo, CA 93444",35.0,3.0,true,good,"Nipomo High School Planting

Watered this week: On Irrigation"
1049,Active,Acacia Podalyriifolia,Pearl Acacia,LMUSD,2025-12-06,"525 North Thompson Road, Nipomo, CA 93444",35.0,3.0,true,good,"Nipomo High School Planting

Watered this week: On Irrigation"
1050,Active,Acacia Podalyriifolia,Pearl Acacia,LMUSD,2025-12-06,"525 North Thompson Road, Nipomo, CA 93444",35.0,3.0,true,good,"Nipomo High School Planting

Watered this week: On Irrigation"
1051,Active,Heteromeles Arbutifolia,Toyon,LMUSD,2025-12-06,"525 North Thompson Road, Nipomo, CA 93444",35.0,3.0,true,good,"Nipomo High School Planting

Watered this week: On Irrigation"
1052,Active,Schinus Molle,California Pepper Tree,LMUSD,2025-12-06,"525 North Thompson Road, Nipomo, CA 93444",35.0,3.0,true,good,"Nipomo High School Planting

Watered this week: On Irrigation"
1053,Active,Quercus Lobata,Valley Oak,UU,2026-04-02,"Unitarian Universalist Church, San Luis Obispo",35.26909,-120.65806,false,good,"This was a replanting, replaced dead Cal Fire trees

Next mulching due date: 2027-04-02 00:00:00"
1054,Active,Quercus Lobata,Valley Oak,UU,2026-04-02,"Unitarian Universalist Church, San Luis Obispo",35.26918,-120.65805,false,good,"This was a replanting, replaced dead Cal Fire trees

Next mulching due date: 2027-04-02 00:00:00"
1055,Active,Quercus Lobata,Valley Oak,UU,2026-04-02,"Unitarian Universalist Church, San Luis Obispo",35.26939,-120.65764,false,good,"This was a replanting, replaced dead Cal Fire trees

Next mulching due date: 2027-04-02 00:00:00"
1056,Active,Quercus Lobata,Valley Oak,UU,2026-04-07,"Unitarian Universalist Church, San Luis Obispo",35.26938,-120.65771,false,good,"This was a replanting, replaced dead Cal Fire trees

Next mulching due date: 2027-04-07 00:00:00"
1057,Active,"Ginkgo biloba 'Princeton Sentry""",Princeton Sentry Ginkgo,UU,2026-04-07,"Unitarian Universalist Church, San Luis Obispo",35.26938,-120.65805,false,good,"This was a replanting, replaced dead Cal Fire trees

Next mulching due date: 2027-04-07 00:00:00"
1058,Active,Ginkgo biloba 'Autumn Gold',Ginkgo,Releaf Grant,2026-04-25,"1330 Dewey Dr, Oceano, CA 93445",35.104985,-120.623461,true,good,"Oceano Memorial Park

Next mulching due date: 2027-04-25 00:00:00"
1059,Active,Ginkgo biloba 'Autumn Gold',Ginkgo,Releaf Grant,2026-04-25,"1330 Dewey Dr, Oceano, CA 93445",35.105043,-120.623921,true,good,"Oceano Memorial Park

Next mulching due date: 2027-04-25 00:00:00"
1060,Active,Acer macrophyllum,Big Leaf Maple,Releaf Grant,2026-04-25,"1330 Dewey Dr, Oceano, CA 93445",35.105495,-120.624668,true,good,"Oceano Memorial Park

Next mulching due date: 2027-04-25 00:00:00"
1061,Active,Acer negundo,Box Elder Maple,Releaf Grant,2026-04-25,"1330 Dewey Dr, Oceano, CA 93445",35.105042,-120.625389,true,good,"Oceano Memorial Park

Next mulching due date: 2027-04-25 00:00:00"
1062,Active,Alnus rhombifolia,White Alder,Releaf Grant,2026-04-25,"1330 Dewey Dr, Oceano, CA 93445",35.105107,-120.625462,true,good,"Oceano Memorial Park

Next mulching due date: 2027-04-25 00:00:00"
1063,Active,Acer negundo,Box Elder Maple,Releaf Grant,2026-04-25,"1330 Dewey Dr, Oceano, CA 93445",35.105147,-120.62559,true,good,"Oceano Memorial Park

Next mulching due date: 2027-04-25 00:00:00"
1064,Active,Alnus rhombifolia,White Alder,Releaf Grant,2026-04-25,"1330 Dewey Dr, Oceano, CA 93445",35.104613,-120.626363,true,good,"Oceano Memorial Park

Next mulching due date: 2027-04-25 00:00:00"
1065,Active,Acer macrophyllum,Big Leaf Maple,Releaf Grant,2026-04-25,"1330 Dewey Dr, Oceano, CA 93445",35.1046,-120.626454,true,good,"Oceano Memorial Park

Next mulching due date: 2027-04-25 00:00:00"
1066,Active,Ginkgo biloba 'Autumn Gold',Ginkgo,Releaf Grant,2026-04-25,"1330 Dewey Dr, Oceano, CA 93445",35.104496,-120.626466,true,good,"Oceano Memorial Park

Next mulching due date: 2027-04-25 00:00:00"
1067,Active,Cercis occidentalis,Western Redbud,Releaf Grant,2026-04-25,"1330 Dewey Dr, Oceano, CA 93445",35.104496,-120.626466,true,good,"Oceano Memorial Park

Next mulching due date: 2027-04-25 00:00:00"
1068,Active,Chitalpa taskentensis,Morning Cloud,City of SLO,2026-05-09,"2653 Victoria St, San Luis Obispo, 93401",35.26623,-120.65222,false,good,Neighborhood Tree Planting
1069,Active,Chitalpa taskentensis,Morning Cloud,City Of SLO,2026-05-09,"2515 Broad St San Luis Obispo, CA 93401",35.266264,-120.653957,false,good,Neighborhood Tree Planting
1070,Active,Chitalpa taskentensis,Morning Cloud,City Of SLO,2026-05-09,"2503 Boulevard Del Campo, San Luis Obispo, CA 93401",35.268345,-120.64968,false,good,Neighborhood Tree Planting
1071,Active,Brachychiton populneus,Kurrajong,City Of SLO,2026-05-30,"2503 Boulevard Del Campo, San Luis Obispo, CA 93401",35.26829,-120.64979,false,good,Neighborhood Tree Planting
1072,Active,Brachychiton populneus,Kurrajong,City Of SLO,2026-05-30,313 High St San Luis Obispo 93401,35.27213,-120.6656,false,good,Neighborhood Tree Planting
1073,Active,Brachychiton populneus,Kurrajong,City Of SLO,2026-05-30,313 High St San Luis Obispo 93401,35.27213,-120.66565,false,good,Neighborhood Tree Planting
1074,Active,Brachychiton populneus,Kurrajong,City Of SLO,2026-05-30,"3484 Gregory Court, San Luis Obispo, CA 93401",35.26415,-120.63525,false,good,Neighborhood Tree Planting
1075,Active,Quercus engelmannii,Engelmann oak,City Of SLO,2026-05-30,"3484 Gregory Court, San Luis Obispo, CA 93401",35.26418,-120.63542,false,good,Neighborhood Tree Planting
1076,Active,Ulmus parvifolia,Chinese Elm,City Of SLO,2026-05-30,"872 Coriander Lane San Luis Obispo, CA 93401",35.259924,-120.646744,false,good,Neighborhood Tree Planting
1077,Active,Ulmus parvifolia,Chinese Elm,City Of SLO,2026-05-30,"872 Coriander Lane San Luis Obispo, CA 93401",35.26,-120.646685,false,good,Neighborhood Tree Planting
1078,Active,Ulmus parvifolia,Chinese Elm,City Of SLO,2026-05-30,"872 Coriander Lane San Luis Obispo, CA 93401",35.260082,-120.646618,false,good,Neighborhood Tree Planting
